id,family,name,category,vcpus,memory,ssd,hdd,cpu,accelerators,accelerator,embodied
a1-2xlarge,a1,a1.2xlarge,general,8,16,0,0,aws-graviton-1,0,,1.0221904
a1-4xlarge,a1,a1.4xlarge,general,16,32,0,0,aws-graviton-1,0,,1.0221904
a1-large,a1,a1.large,general,2,4,0,0,aws-graviton-1,0,,1.0221904
a1-medium,a1,a1.medium,general,1,2,0,0,aws-graviton-1,0,,1.0221904
a1-metal,a1,a1.metal,general,16,32,0,0,aws-graviton-1,0,,1.0221904
a1-xlarge,a1,a1.xlarge,general,4,8,0,0,aws-graviton-1,0,,1.0221904
c1-medium,c1,c1.medium,compute,2,1.7,0,350,intel-xeon-e52651v2,0,,1.5360594
c1-xlarge,c1,c1.xlarge,compute,8,7,0,1680,intel-xeon-e52651v2,0,,1.5360594
c3-2xlarge,c3,c3.2xlarge,compute,8,15,160,0,intel-xeon-e52680v2,0,,1.3610236
c3-4xlarge,c3,c3.4xlarge,compute,16,30,320,0,intel-xeon-e52680v2,0,,1.3610236
c3-8xlarge,c3,c3.8xlarge,compute,32,60,640,0,intel-xeon-e52680v2,0,,1.3610236
c3-large,c3,c3.large,compute,2,3.75,32,0,intel-xeon-e52680v2,0,,1.3610236
c3-xlarge,c3,c3.xlarge,compute,4,7.5,80,0,intel-xeon-e52680v2,0,,1.3610236
c4-2xlarge,c4,c4.2xlarge,compute,8,15,0,0,intel-xeon-e52666v3,0,,1.1610236
c4-4xlarge,c4,c4.4xlarge,compute,16,30,0,0,intel-xeon-e52666v3,0,,1.1610236
c4-8xlarge,c4,c4.8xlarge,compute,36,60,0,0,intel-xeon-e52666v3,0,,1.1610236
c4-large,c4,c4.large,compute,2,3.75,0,0,intel-xeon-e52666v3,0,,1.1610236
c4-xlarge,c4,c4.xlarge,compute,4,7.5,0,0,intel-xeon-e52666v3,0,,1.1610236
c5-12xlarge,c5,c5.12xlarge,compute,48,96,0,0,intel-xeon-8275cl,0,,1.3440944
c5-18xlarge,c5,c5.18xlarge,compute,72,144,0,0,intel-xeon-8124m,0,,1.3440944
c5-24xlarge,c5,c5.24xlarge,compute,96,192,0,0,intel-xeon-8275cl,0,,1.3440944
c5-2xlarge,c5,c5.2xlarge,compute,8,16,0,0,intel-xeon-8124m,0,,1.3440944
c5-4xlarge,c5,c5.4xlarge,compute,16,32,0,0,intel-xeon-8124m,0,,1.3440944
c5-9xlarge,c5,c5.9xlarge,compute,36,72,0,0,intel-xeon-8124m,0,,1.3440944
c5-large,c5,c5.large,compute,2,4,0,0,intel-xeon-8124m,0,,1.3440944
c5-metal,c5,c5.metal,compute,96,192,0,0,intel-xeon-8275cl,0,,1.3440944
c5-xlarge,c5,c5.xlarge,compute,4,8,0,0,intel-xeon-8124m,0,,1.3440944
c5a-12xlarge,c5a,c5a.12xlarge,compute,48,96,0,0,amd-epyc-7r32,0,,1.2440944
c5a-16xlarge,c5a,c5a.16xlarge,compute,64,128,0,0,amd-epyc-7r32,0,,1.2440944
c5a-24xlarge,c5a,c5a.24xlarge,compute,96,192,0,0,amd-epyc-7r32,0,,1.2440944
c5a-2xlarge,c5a,c5a.2xlarge,compute,8,16,0,0,amd-epyc-7r32,0,,1.2440944
c5a-4xlarge,c5a,c5a.4xlarge,compute,16,32,0,0,amd-epyc-7r32,0,,1.2440944
c5a-8xlarge,c5a,c5a.8xlarge,compute,32,64,0,0,amd-epyc-7r32,0,,1.2440944
c5a-large,c5a,c5a.large,compute,2,4,0,0,amd-epyc-7r32,0,,1.2440944
c5a-xlarge,c5a,c5a.xlarge,compute,4,8,0,0,amd-epyc-7r32,0,,1.2440944
c5ad-12xlarge,c5ad,c5ad.12xlarge,compute,48,96,1800,0,amd-epyc-7r32,0,,1.4440944
c5ad-16xlarge,c5ad,c5ad.16xlarge,compute,64,128,2400,0,amd-epyc-7r32,0,,1.4440944
c5ad-24xlarge,c5ad,c5ad.24xlarge,compute,96,192,3800,0,amd-epyc-7r32,0,,1.4440944
c5ad-2xlarge,c5ad,c5ad.2xlarge,compute,8,16,300,0,amd-epyc-7r32,0,,1.4440944
c5ad-4xlarge,c5ad,c5ad.4xlarge,compute,16,32,600,0,amd-epyc-7r32,0,,1.4440944
c5ad-8xlarge,c5ad,c5ad.8xlarge,compute,32,64,1200,0,amd-epyc-7r32,0,,1.4440944
c5ad-large,c5ad,c5ad.large,compute,2,4,75,0,amd-epyc-7r32,0,,1.4440944
c5ad-xlarge,c5ad,c5ad.xlarge,compute,4,8,150,0,amd-epyc-7r32,0,,1.4440944
c5d-12xlarge,c5d,c5d.12xlarge,compute,48,96,1800,0,intel-xeon-8275cl,0,,1.7440944
c5d-18xlarge,c5d,c5d.18xlarge,compute,72,144,1800,0,intel-xeon-8124m,0,,1.5440944
c5d-24xlarge,c5d,c5d.24xlarge,compute,96,192,3600,0,intel-xeon-8275cl,0,,1.7440944
c5d-2xlarge,c5d,c5d.2xlarge,compute,8,16,200,0,intel-xeon-8124m,0,,1.5440944
c5d-4xlarge,c5d,c5d.4xlarge,compute,16,32,400,0,intel-xeon-8124m,0,,1.5440944
c5d-9xlarge,c5d,c5d.9xlarge,compute,36,72,900,0,intel-xeon-8124m,0,,1.5440944
c5d-large,c5d,c5d.large,compute,2,4,50,0,intel-xeon-8124m,0,,1.5440944
c5d-metal,c5d,c5d.metal,compute,96,192,3600,0,intel-xeon-8275cl,0,,1.7440944
c5d-xlarge,c5d,c5d.xlarge,compute,4,8,100,0,intel-xeon-8124m,0,,1.5440944
c5n-18xlarge,c5n,c5n.18xlarge,compute,72,192,0,0,intel-xeon-8124m,0,,1.3440944
c5n-2xlarge,c5n,c5n.2xlarge,compute,8,21,0,0,intel-xeon-8124m,0,,1.3440944
c5n-4xlarge,c5n,c5n.4xlarge,compute,16,42,0,0,intel-xeon-8124m,0,,1.3440944
c5n-9xlarge,c5n,c5n.9xlarge,compute,36,96,0,0,intel-xeon-8124m,0,,1.3440944
c5n-large,c5n,c5n.large,compute,2,5.25,0,0,intel-xeon-8124m,0,,1.3440944
c5n-metal,c5n,c5n.metal,compute,72,192,0,0,intel-xeon-8124m,0,,1.3440944
c5n-xlarge,c5n,c5n.xlarge,compute,4,10.5,0,0,intel-xeon-8124m,0,,1.3440944
c6a-12xlarge,c6a,c6a.12xlarge,compute,48,96,0,0,amd-epyc-7r13,0,,1.2440944
c6a-16xlarge,c6a,c6a.16xlarge,compute,64,128,0,0,amd-epyc-7r13,0,,1.2440944
c6a-24xlarge,c6a,c6a.24xlarge,compute,96,192,0,0,amd-epyc-7r13,0,,1.2440944
c6a-2xlarge,c6a,c6a.2xlarge,compute,8,16,0,0,amd-epyc-7r13,0,,1.2440944
c6a-32xlarge,c6a,c6a.32xlarge,compute,128,256,0,0,amd-epyc-7r13,0,,1.7879024
c6a-48xlarge,c6a,c6a.48xlarge,compute,192,384,0,0,amd-epyc-7r13,0,,1.7879024
c6a-4xlarge,c6a,c6a.4xlarge,compute,16,32,0,0,amd-epyc-7r13,0,,1.2440944
c6a-8xlarge,c6a,c6a.8xlarge,compute,32,64,0,0,amd-epyc-7r13,0,,1.2440944
c6a-large,c6a,c6a.large,compute,2,4,0,0,amd-epyc-7r13,0,,1.2440944
c6a-metal,c6a,c6a.metal,compute,192,384,0,0,amd-epyc-7r13,0,,1.7879024
c6a-xlarge,c6a,c6a.xlarge,compute,4,8,0,0,amd-epyc-7r13,0,,1.2440944
c6g-12xlarge,c6g,c6g.12xlarge,compute,48,96,0,0,aws-graviton-2,0,,1.1553328
c6g-16xlarge,c6g,c6g.16xlarge,compute,64,128,0,0,aws-graviton-2,0,,1.1553328
c6g-2xlarge,c6g,c6g.2xlarge,compute,8,16,0,0,aws-graviton-2,0,,1.1553328
c6g-4xlarge,c6g,c6g.4xlarge,compute,16,32,0,0,aws-graviton-2,0,,1.1553328
c6g-8xlarge,c6g,c6g.8xlarge,compute,32,64,0,0,aws-graviton-2,0,,1.1553328
c6g-large,c6g,c6g.large,compute,2,4,0,0,aws-graviton-2,0,,1.1553328
c6g-medium,c6g,c6g.medium,compute,1,2,0,0,aws-graviton-2,0,,1.1553328
c6g-metal,c6g,c6g.metal,compute,64,128,0,0,aws-graviton-2,0,,1.1553328
c6g-xlarge,c6g,c6g.xlarge,compute,4,8,0,0,aws-graviton-2,0,,1.1553328
c6gd-12xlarge,c6gd,c6gd.12xlarge,compute,48,96,2850,0,aws-graviton-2,0,,1.3553328
c6gd-16xlarge,c6gd,c6gd.16xlarge,compute,64,128,3800,0,aws-graviton-2,0,,1.3553328
c6gd-2xlarge,c6gd,c6gd.2xlarge,compute,8,16,474,0,aws-graviton-2,0,,1.3553328
c6gd-4xlarge,c6gd,c6gd.4xlarge,compute,16,32,950,0,aws-graviton-2,0,,1.3553328
c6gd-8xlarge,c6gd,c6gd.8xlarge,compute,32,64,1900,0,aws-graviton-2,0,,1.3553328
c6gd-large,c6gd,c6gd.large,compute,2,4,118,0,aws-graviton-2,0,,1.3553328
c6gd-medium,c6gd,c6gd.medium,compute,1,2,59,0,aws-graviton-2,0,,1.3553328
c6gd-metal,c6gd,c6gd.metal,compute,64,128,3800,0,aws-graviton-2,0,,1.3553328
c6gd-xlarge,c6gd,c6gd.xlarge,compute,4,8,237,0,aws-graviton-2,0,,1.3553328
c6gn-12xlarge,c6gn,c6gn.12xlarge,compute,48,96,0,0,aws-graviton-2,0,,1.1553328
c6gn-16xlarge,c6gn,c6gn.16xlarge,compute,64,128,0,0,aws-graviton-2,0,,1.1553328
c6gn-2xlarge,c6gn,c6gn.2xlarge,compute,8,16,0,0,aws-graviton-2,0,,1.1553328
c6gn-4xlarge,c6gn,c6gn.4xlarge,compute,16,32,0,0,aws-graviton-2,0,,1.1553328
c6gn-8xlarge,c6gn,c6gn.8xlarge,compute,32,64,0,0,aws-graviton-2,0,,1.1553328
c6gn-large,c6gn,c6gn.large,compute,2,4,0,0,aws-graviton-2,0,,1.1553328
c6gn-medium,c6gn,c6gn.medium,compute,1,2,0,0,aws-graviton-2,0,,1.1553328
c6gn-xlarge,c6gn,c6gn.xlarge,compute,4,8,0,0,aws-graviton-2,0,,1.1553328
c6i-12xlarge,c6i,c6i.12xlarge,compute,48,96,0,0,intel-xeon-8375c,0,,1.1553328
c6i-16xlarge,c6i,c6i.16xlarge,compute,64,128,0,0,intel-xeon-8375c,0,,1.1553328
c6i-24xlarge,c6i,c6i.24xlarge,compute,96,192,0,0,intel-xeon-8375c,0,,1.3440944
c6i-2xlarge,c6i,c6i.2xlarge,compute,8,16,0,0,intel-xeon-8375c,0,,1.1553328
c6i-32xlarge,c6i,c6i.32xlarge,compute,128,256,0,0,intel-xeon-8375c,0,,1.7879024
c6i-4xlarge,c6i,c6i.4xlarge,compute,16,32,0,0,intel-xeon-8375c,0,,1.1553328
c6i-8xlarge,c6i,c6i.8xlarge,compute,32,64,0,0,intel-xeon-8375c,0,,1.1553328
c6i-large,c6i,c6i.large,compute,2,4,0,0,intel-xeon-8375c,0,,1.1553328
c6i-metal,c6i,c6i.metal,compute,128,256,0,0,intel-xeon-8375c,0,,1.7879024
c6i-xlarge,c6i,c6i.xlarge,compute,4,8,0,0,intel-xeon-8375c,0,,1.1553328
c6id-12xlarge,c6id,c6id.12xlarge,compute,48,96,2850,0,intel-xeon-8375c,0,,1.3553328
c6id-16xlarge,c6id,c6id.16xlarge,compute,64,128,3800,0,intel-xeon-8375c,0,,1.3553328
c6id-24xlarge,c6id,c6id.24xlarge,compute,96,192,5700,0,intel-xeon-8375c,0,,1.4440944
c6id-2xlarge,c6id,c6id.2xlarge,compute,8,16,474,0,intel-xeon-8375c,0,,1.3553328
c6id-32xlarge,c6id,c6id.32xlarge,compute,128,256,7600,0,intel-xeon-8375c,0,,1.7879024
c6id-4xlarge,c6id,c6id.4xlarge,compute,16,32,950,0,intel-xeon-8375c,0,,1.3553328
c6id-8xlarge,c6id,c6id.8xlarge,compute,32,64,1900,0,intel-xeon-8375c,0,,1.3553328
c6id-large,c6id,c6id.large,compute,2,4,118,0,intel-xeon-8375c,0,,1.3553328
c6id-metal,c6id,c6id.metal,compute,128,256,7600,0,intel-xeon-8375c,0,,1.7879024
c6id-xlarge,c6id,c6id.xlarge,compute,4,8,237,0,intel-xeon-8375c,0,,1.3553328
c6in-12xlarge,c6in,c6in.12xlarge,compute,48,96,0,0,intel-xeon-8375c,0,,1.1553328
c6in-16xlarge,c6in,c6in.16xlarge,compute,64,128,0,0,intel-xeon-8375c,0,,1.1553328
c6in-24xlarge,c6in,c6in.24xlarge,compute,96,192,0,0,intel-xeon-8375c,0,,1.3440944
c6in-2xlarge,c6in,c6in.2xlarge,compute,8,16,0,0,intel-xeon-8375c,0,,1.1553328
c6in-32xlarge,c6in,c6in.32xlarge,compute,128,256,0,0,intel-xeon-8375c,0,,1.7879024
c6in-4xlarge,c6in,c6in.4xlarge,compute,16,32,0,0,intel-xeon-8375c,0,,1.1553328
c6in-8xlarge,c6in,c6in.8xlarge,compute,32,64,0,0,intel-xeon-8375c,0,,1.1553328
c6in-large,c6in,c6in.large,compute,2,4,0,0,intel-xeon-8375c,0,,1.1553328
c6in-metal,c6in,c6in.metal,compute,128,256,0,0,intel-xeon-8375c,0,,1.7879024
c6in-xlarge,c6in,c6in.xlarge,compute,4,8,0,0,intel-xeon-8375c,0,,1.1553328
c7a-12xlarge,c7a,c7a.12xlarge,compute,48,96,0,0,amd-epyc-9r14,0,,1.2440944
c7a-16xlarge,c7a,c7a.16xlarge,compute,64,128,0,0,amd-epyc-9r14,0,,1.2440944
c7a-24xlarge,c7a,c7a.24xlarge,compute,96,192,0,0,amd-epyc-9r14,0,,1.2440944
c7a-2xlarge,c7a,c7a.2xlarge,compute,8,16,0,0,amd-epyc-9r14,0,,1.2440944
c7a-32xlarge,c7a,c7a.32xlarge,compute,128,256,0,0,amd-epyc-9r14,0,,1.7879024
c7a-48xlarge,c7a,c7a.48xlarge,compute,192,384,0,0,amd-epyc-9r14,0,,1.7879024
c7a-4xlarge,c7a,c7a.4xlarge,compute,16,32,0,0,amd-epyc-9r14,0,,1.2440944
c7a-8xlarge,c7a,c7a.8xlarge,compute,32,64,0,0,amd-epyc-9r14,0,,1.2440944
c7a-large,c7a,c7a.large,compute,2,4,0,0,amd-epyc-9r14,0,,1.2440944
c7a-medium,c7a,c7a.medium,compute,1,2,0,0,amd-epyc-9r14,0,,1.1553328
c7a-metal-48xl,c7a,c7a.metal-48xl,compute,192,384,0,0,amd-epyc-9r14,0,,1.7879024
c7a-xlarge,c7a,c7a.xlarge,compute,4,8,0,0,amd-epyc-9r14,0,,1.2440944
c7g-12xlarge,c7g,c7g.12xlarge,compute,48,96,0,0,aws-graviton-3,0,,1.1553328
c7g-16xlarge,c7g,c7g.16xlarge,compute,64,128,0,0,aws-graviton-3,0,,1.1553328
c7g-2xlarge,c7g,c7g.2xlarge,compute,8,16,0,0,aws-graviton-3,0,,1.1553328
c7g-4xlarge,c7g,c7g.4xlarge,compute,16,32,0,0,aws-graviton-3,0,,1.1553328
c7g-8xlarge,c7g,c7g.8xlarge,compute,32,64,0,0,aws-graviton-3,0,,1.1553328
c7g-large,c7g,c7g.large,compute,2,4,0,0,aws-graviton-3,0,,1.1553328
c7g-medium,c7g,c7g.medium,compute,1,2,0,0,aws-graviton-3,0,,1.1553328
c7g-metal,c7g,c7g.metal,compute,64,128,0,0,aws-graviton-3,0,,1.1553328
c7g-xlarge,c7g,c7g.xlarge,compute,4,8,0,0,aws-graviton-3,0,,1.1553328
c7gd-12xlarge,c7gd,c7gd.12xlarge,compute,48,96,2850,0,aws-graviton-3,0,,1.3553328
c7gd-16xlarge,c7gd,c7gd.16xlarge,compute,64,128,3800,0,aws-graviton-3,0,,1.3553328
c7gd-2xlarge,c7gd,c7gd.2xlarge,compute,8,16,474,0,aws-graviton-3,0,,1.3553328
c7gd-4xlarge,c7gd,c7gd.4xlarge,compute,16,32,950,0,aws-graviton-3,0,,1.3553328
c7gd-8xlarge,c7gd,c7gd.8xlarge,compute,32,64,1900,0,aws-graviton-3,0,,1.3553328
c7gd-large,c7gd,c7gd.large,compute,2,4,118,0,aws-graviton-3,0,,1.3553328
c7gd-medium,c7gd,c7gd.medium,compute,1,2,59,0,aws-graviton-3,0,,1.3553328
c7gd-metal,c7gd,c7gd.metal,compute,64,128,3800,0,aws-graviton-3,0,,1.3553328
c7gd-xlarge,c7gd,c7gd.xlarge,compute,4,8,237,0,aws-graviton-3,0,,1.3553328
c7gn-12xlarge,c7gn,c7gn.12xlarge,compute,48,96,0,0,aws-graviton-3,0,,1.1553328
c7gn-16xlarge,c7gn,c7gn.16xlarge,compute,64,128,0,0,aws-graviton-3,0,,1.1553328
c7gn-2xlarge,c7gn,c7gn.2xlarge,compute,8,16,0,0,aws-graviton-3,0,,1.1553328
c7gn-4xlarge,c7gn,c7gn.4xlarge,compute,16,32,0,0,aws-graviton-3,0,,1.1553328
c7gn-8xlarge,c7gn,c7gn.8xlarge,compute,32,64,0,0,aws-graviton-3,0,,1.1553328
c7gn-large,c7gn,c7gn.large,compute,2,4,0,0,aws-graviton-3,0,,1.1553328
c7gn-medium,c7gn,c7gn.medium,compute,1,2,0,0,aws-graviton-3,0,,1.1553328
c7gn-metal,c7gn,c7gn.metal,compute,64,128,0,0,aws-graviton-3,0,,1.1553328
c7gn-xlarge,c7gn,c7gn.xlarge,compute,4,8,0,0,aws-graviton-3,0,,1.1553328
c7i-12xlarge,c7i,c7i.12xlarge,compute,48,96,0,0,intel-xeon-8488c,0,,1.3440944
c7i-16xlarge,c7i,c7i.16xlarge,compute,64,128,0,0,intel-xeon-8488c,0,,1.2440944
c7i-24xlarge,c7i,c7i.24xlarge,compute,96,192,0,0,intel-xeon-8488c,0,,1.3440944
c7i-2xlarge,c7i,c7i.2xlarge,compute,8,16,0,0,intel-xeon-8488c,0,,1.3440944
c7i-48xlarge,c7i,c7i.48xlarge,compute,192,384,0,0,intel-xeon-8488c,0,,1.7879024
c7i-4xlarge,c7i,c7i.4xlarge,compute,16,32,0,0,intel-xeon-8488c,0,,1.3440944
c7i-8xlarge,c7i,c7i.8xlarge,compute,32,64,0,0,intel-xeon-8488c,0,,1.2440944
c7i-flex-2xlarge,c7i,c7i-flex.2xlarge,compute,8,16,0,0,intel-xeon-8488c,0,,1.3440944
c7i-flex-4xlarge,c7i,c7i-flex.4xlarge,compute,16,32,0,0,intel-xeon-8488c,0,,1.3440944
c7i-flex-8xlarge,c7i,c7i-flex.8xlarge,compute,32,64,0,0,intel-xeon-8488c,0,,1.2440944
c7i-flex-large,c7i,c7i-flex.large,compute,2,4,0,0,intel-xeon-8488c,0,,1.3440944
c7i-flex-xlarge,c7i,c7i-flex.xlarge,compute,4,8,0,0,intel-xeon-8488c,0,,1.3440944
c7i-large,c7i,c7i.large,compute,2,4,0,0,intel-xeon-8488c,0,,1.3440944
c7i-metal-24xl,c7i,c7i.metal-24xl,compute,96,192,0,0,intel-xeon-8488c,0,,1.3440944
c7i-metal-48xl,c7i,c7i.metal-48xl,compute,192,384,0,0,intel-xeon-8488c,0,,1.7879024
c7i-xlarge,c7i,c7i.xlarge,compute,4,8,0,0,intel-xeon-8488c,0,,1.3440944
c8g-12xlarge,c8g,c8g.12xlarge,compute,48,96,0,0,aws-graviton-4,0,,1.1553328
c8g-16xlarge,c8g,c8g.16xlarge,compute,64,128,0,0,aws-graviton-4,0,,1.1553328
c8g-24xlarge,c8g,c8g.24xlarge,compute,96,192,0,0,aws-graviton-4,0,,1.3440944
c8g-2xlarge,c8g,c8g.2xlarge,compute,8,16,0,0,aws-graviton-4,0,,1.1553328
c8g-48xlarge,c8g,c8g.48xlarge,compute,192,384,0,0,aws-graviton-4,0,,1.7879024
c8g-4xlarge,c8g,c8g.4xlarge,compute,16,32,0,0,aws-graviton-4,0,,1.1553328
c8g-8xlarge,c8g,c8g.8xlarge,compute,32,64,0,0,aws-graviton-4,0,,1.1553328
c8g-large,c8g,c8g.large,compute,2,4,0,0,aws-graviton-4,0,,1.1553328
c8g-medium,c8g,c8g.medium,compute,1,2,0,0,aws-graviton-4,0,,1.1553328
c8g-metal-24xl,c8g,c8g.metal-24xl,compute,96,192,0,0,aws-graviton-4,0,,1.3440944
c8g-metal-48xl,c8g,c8g.metal-48xl,compute,192,384,0,0,aws-graviton-4,0,,1.7879024
c8g-xlarge,c8g,c8g.xlarge,compute,4,8,0,0,aws-graviton-4,0,,1.1553328
d2-2xlarge,d2,d2.2xlarge,storage,8,61,0,12000,intel-xeon-e52676v3,0,,2.6162132
d2-4xlarge,d2,d2.4xlarge,storage,16,122,0,24000,intel-xeon-e52676v3,0,,2.6162132
d2-8xlarge,d2,d2.8xlarge,storage,36,36,0,48000,intel-xeon-e52676v3,0,,2.6162132
d2-xlarge,d2,d2.xlarge,storage,4,30.5,0,6000,intel-xeon-e52676v3,0,,2.6162132
d3-2xlarge,d3,d3.2xlarge,storage,8,64,0,12000,intel-xeon-8259cl,0,,2.632856
d3-4xlarge,d3,d3.4xlarge,storage,16,128,0,24000,intel-xeon-8259cl,0,,2.632856
d3-8xlarge,d3,d3.8xlarge,storage,32,256,0,48000,intel-xeon-8259cl,0,,2.632856
d3-xlarge,d3,d3.xlarge,storage,4,32,0,6000,intel-xeon-8259cl,0,,2.632856
d3en-12xlarge,d3en,d3en.12xlarge,storage,48,192,0,336000,intel-xeon-8259cl,0,,2.5440944
d3en-2xlarge,d3en,d3en.2xlarge,storage,8,32,0,56000,intel-xeon-8259cl,0,,2.5440944
d3en-4xlarge,d3en,d3en.4xlarge,storage,16,64,0,112000,intel-xeon-8259cl,0,,2.5440944
d3en-6xlarge,d3en,d3en.6xlarge,storage,24,96,0,168000,intel-xeon-8259cl,0,,2.5440944
d3en-8xlarge,d3en,d3en.8xlarge,storage,32,128,0,224000,intel-xeon-8259cl,0,,2.5440944
d3en-xlarge,d3en,d3en.xlarge,storage,4,16,0,28000,intel-xeon-8259cl,0,,2.5440944
dc2-large,dc2,dc2.large,compute,2,15,160,0,intel-xeon-e52670v2,0,,2.5440944
dc2-8xlarge,dc2,dc2.8xlarge,compute,32,244,2560,0,intel-xeon-e52670v2,0,,2.5440944
dl1-24xlarge,dl1,dl1.24xlarge,accelerated,96,768,4000,0,intel-xeon-8275cl,8,intel-gaudi-1,2.1429488
dl2q-24xlarge,dl2,dl2q.24xlarge,accelerated,96,768,0,0,intel-xeon-8259cl,8,qualcomm-ai100-standard,2.1429488
f1-16xlarge,f1,f1.16xlarge,accelerated,64,976,3760,0,intel-xeon-e52686v4,8,amd-virtex-vu47p,2.831424
f1-2xlarge,f1,f1.2xlarge,accelerated,8,122,470,0,intel-xeon-e52686v4,1,amd-virtex-vu47p,2.831424
f1-4xlarge,f1,f1.4xlarge,accelerated,16,244,940,0,intel-xeon-e52686v4,2,amd-virtex-vu47p,2.831424
f2-12xlarge,f2,f2.12xlarge,accelerated,48,512,1880,0,amd-epyc-7r13,2,amd-virtex-vu47p,2.1429488
f2-48xlarge,f2,f2.48xlarge,accelerated,192,2048,7520,0,amd-epyc-7r13,8,amd-virtex-vu47p,4.1850384
g2-2xlarge,g2,g2.2xlarge,accelerated,8,15,0,0,intel-xeon-e52670,1,nvidia-grid-k520,1.9610236
g2-8xlarge,g2,g2.8xlarge,accelerated,32,60,0,0,intel-xeon-e52670,4,nvidia-grid-k520,1.9610236
g3-16xlarge,g3,g3.16xlarge,accelerated,64,488,0,0,intel-xeon-e52686v4,2,nvidia-tesla-m60,2.3546168
g3-4xlarge,g3,g3.4xlarge,accelerated,16,122,0,0,intel-xeon-e52686v4,0.5,nvidia-tesla-m60,2.3546168
g3-8xlarge,g3,g3.8xlarge,accelerated,32,244,0,0,intel-xeon-e52686v4,1,nvidia-tesla-m60,2.3546168
g3s-xlarge,g3s,g3s.xlarge,accelerated,4,30.5,0,0,intel-xeon-e52686v4,0.5,nvidia-tesla-m60,2.3546168
g4ad-16xlarge,g4ad,g4ad.16xlarge,accelerated,64,256,2400,0,amd-epyc-7r32,4,amd-radeon-v520,2.3103792
g4ad-2xlarge,g4ad,g4ad.2xlarge,accelerated,8,32,300,0,amd-epyc-7r32,1,amd-radeon-v520,3.0103792
g4ad-4xlarge,g4ad,g4ad.4xlarge,accelerated,16,64,600,0,amd-epyc-7r32,1,amd-radeon-v520,2.3103792
g4ad-8xlarge,g4ad,g4ad.8xlarge,accelerated,32,128,1200,0,amd-epyc-7r32,2,amd-radeon-v520,2.3103792
g4ad-xlarge,g4ad,g4ad.xlarge,accelerated,4,16,150,0,amd-epyc-7r32,1,amd-radeon-v520,3.0103792
g4dn-12xlarge,g4dn,g4dn.12xlarge,accelerated,48,192,900,0,intel-xeon-8259cl,4,nvidia-tesla-t4,3.0103792
g4dn-16xlarge,g4dn,g4dn.16xlarge,accelerated,64,256,900,0,intel-xeon-8259cl,1,nvidia-tesla-t4,3.0103792
g4dn-2xlarge,g4dn,g4dn.2xlarge,accelerated,8,32,225,0,intel-xeon-8259cl,1,nvidia-tesla-t4,3.0103792
g4dn-4xlarge,g4dn,g4dn.4xlarge,accelerated,16,64,225,0,intel-xeon-8259cl,1,nvidia-tesla-t4,3.0103792
g4dn-8xlarge,g4dn,g4dn.8xlarge,accelerated,32,128,900,0,intel-xeon-8259cl,1,nvidia-tesla-t4,3.0103792
g4dn-metal,g4dn,g4dn.metal,accelerated,96,384,1800,0,intel-xeon-8259cl,8,nvidia-tesla-t4,3.0103792
g4dn-xlarge,g4dn,g4dn.xlarge,accelerated,4,16,125,0,intel-xeon-8259cl,1,nvidia-tesla-t4,3.0103792
g5-12xlarge,g5,g5.12xlarge,accelerated,48,192,3800,0,amd-epyc-7r32,4,nvidia-tesla-a10,1.6103792
g5-16xlarge,g5,g5.16xlarge,accelerated,64,256,1900,0,amd-epyc-7r32,1,nvidia-tesla-a10,1.6103792
g5-24xlarge,g5,g5.24xlarge,accelerated,96,384,3800,0,amd-epyc-7r32,4,nvidia-tesla-a10,1.6103792
g5-2xlarge,g5,g5.2xlarge,accelerated,8,32,450,0,amd-epyc-7r32,1,nvidia-tesla-a10,1.6103792
g5-48xlarge,g5,g5.48xlarge,accelerated,192,768,7600,0,amd-epyc-7r32,8,nvidia-tesla-a10,1.7879024
g5-4xlarge,g5,g5.4xlarge,accelerated,16,64,600,0,amd-epyc-7r32,1,nvidia-tesla-a10,1.6103792
g5-8xlarge,g5,g5.8xlarge,accelerated,32,128,900,0,amd-epyc-7r32,1,nvidia-tesla-a10,1.6103792
g5-xlarge,g5,g5.xlarge,accelerated,4,16,250,0,amd-epyc-7r32,1,nvidia-tesla-a10,1.6103792
g5g-16xlarge,g5g,g5g.16xlarge,accelerated,64,128,0,0,aws-graviton-2,2,nvidia-tesla-t4,1.2440944
g5g-2xlarge,g5g,g5g.2xlarge,accelerated,8,16,0,0,aws-graviton-2,1,nvidia-tesla-t4,1.3440944
g5g-4xlarge,g5g,g5g.4xlarge,accelerated,16,32,0,0,aws-graviton-2,1,nvidia-tesla-t4,1.3440944
g5g-8xlarge,g5g,g5g.8xlarge,accelerated,32,64,0,0,aws-graviton-2,1,nvidia-tesla-t4,1.2440944
g5g-metal,g5g,g5g.metal,accelerated,64,128,0,0,aws-graviton-2,2,nvidia-tesla-t4,1.1553328
g5g-xlarge,g5g,g5g.xlarge,accelerated,4,8,0,0,aws-graviton-2,1,nvidia-tesla-t4,1.3440944
g6-12xlarge,g6,g6.12xlarge,accelerated,48,192,3760,0,amd-epyc-7r13,4,nvidia-tesla-l4,1.332856
g6-16xlarge,g6,g6.16xlarge,accelerated,64,256,1880,0,amd-epyc-7r13,1,nvidia-tesla-l4,1.332856
g6-24xlarge,g6,g6.24xlarge,accelerated,96,384,3760,0,amd-epyc-7r13,4,nvidia-tesla-l4,1.7879024
g6-2xlarge,g6,g6.2xlarge,accelerated,8,32,450,0,amd-epyc-7r13,1,nvidia-tesla-l4,1.332856
g6-48xlarge,g6,g6.48xlarge,accelerated,192,768,7520,0,amd-epyc-7r13,8,nvidia-tesla-l4,1.7879024
g6-4xlarge,g6,g6.4xlarge,accelerated,16,64,600,0,amd-epyc-7r13,1,nvidia-tesla-l4,1.332856
g6-8xlarge,g6,g6.8xlarge,accelerated,32,128,900,0,amd-epyc-7r13,1,nvidia-tesla-l4,1.332856
g6-xlarge,g6,g6.xlarge,accelerated,4,16,250,0,amd-epyc-7r13,1,nvidia-tesla-l4,1.332856
g6e-12xlarge,g6e,g6e.12xlarge,accelerated,48,384,3800,0,amd-epyc-7r13,4,nvidia-tesla-l40s,1.6879024
g6e-16xlarge,g6e,g6e.16xlarge,accelerated,64,512,1900,0,amd-epyc-7r13,1,nvidia-tesla-l40s,1.6879024
g6e-24xlarge,g6e,g6e.24xlarge,accelerated,96,768,3800,0,amd-epyc-7r13,4,nvidia-tesla-l40s,2.9429488
g6e-2xlarge,g6e,g6e.2xlarge,accelerated,8,64,450,0,amd-epyc-7r13,1,nvidia-tesla-l40s,1.6879024
g6e-48xlarge,g6e,g6e.48xlarge,accelerated,192,1536,7600,0,amd-epyc-7r13,8,nvidia-tesla-l40s,4.1850384
g6e-4xlarge,g6e,g6e.4xlarge,accelerated,16,128,600,0,amd-epyc-7r13,1,nvidia-tesla-l40s,1.6879024
g6e-8xlarge,g6e,g6e.8xlarge,accelerated,32,256,900,0,amd-epyc-7r13,1,nvidia-tesla-l40s,1.6879024
g6e-xlarge,g6e,g6e.xlarge,accelerated,4,32,250,0,amd-epyc-7r13,1,nvidia-tesla-l40s,1.6879024
g6f-large,g6f,g6f.large,accelerated,2,8,100,0,amd-epyc-7r13,0.125,nvidia-tesla-l4,1.6879024
g6f-xlarge,g6f,g6f.xlarge,accelerated,4,16,100,0,amd-epyc-7r13,0.125,nvidia-tesla-l4,1.6879024
g6f-2xlarge,g6f,g6f.2xlarge,accelerated,8,32,100,0,amd-epyc-7r13,0.25,nvidia-tesla-l4,1.6879024
g6f-4xlarge,g6f,g6f.4xlarge,accelerated,16,64,100,0,amd-epyc-7r13,0.5,nvidia-tesla-l4,1.6879024
gr6-4xlarge,gr6,gr6.4xlarge,accelerated,16,128,600,0,amd-epyc-7r32,1,nvidia-tesla-l4,2.1429488
gr6-8xlarge,gr6,gr6.8xlarge,accelerated,32,256,900,0,amd-epyc-7r32,1,nvidia-tesla-l4,2.1429488
h1-16xlarge,h1,h1.16xlarge,storage,64,256,16000,0,intel-xeon-e52686v4,0,,2.632856
h1-2xlarge,h1,h1.2xlarge,storage,8,32,2000,0,intel-xeon-e52686v4,0,,2.632856
h1-4xlarge,h1,h1.4xlarge,storage,16,64,4000,0,intel-xeon-e52686v4,0,,2.632856
h1-8xlarge,h1,h1.8xlarge,storage,32,128,8000,0,intel-xeon-e52686v4,0,,2.632856
hpc6a-48xlarge,hpc,hpc6a.48xlarge,performance,96,384,0,0,amd-epyc-7r13,0,,1.6103792
hpc6id-32xlarge,hpc,hpc6id.32xlarge,performance,64,1024,0,0,intel-xeon-8375c,0,,2.5979952
hpc7a-12xlarge,hpc,hpc7a.12xlarge,performance,24,768,0,0,amd-epyc-9r14,0,,6.8922672
hpc7a-24xlarge,hpc,hpc7a.24xlarge,performance,48,768,0,0,amd-epyc-9r14,0,,2.5979952
hpc7a-48xlarge,hpc,hpc7a.48xlarge,performance,96,768,0,0,amd-epyc-9r14,0,,3.5429488
hpc7a-96xlarge,hpc,hpc7a.96xlarge,performance,192,768,0,0,amd-epyc-9r14,0,,1.7879024
hpc7g-16xlarge,hpc,hpc7g.16xlarge,performance,64,128,0,0,aws-graviton-3,0,,1.1553328
hpc7g-4xlarge,hpc,hpc7g.4xlarge,performance,16,128,0,0,aws-graviton-3,0,,1.6879024
hpc7g-8xlarge,hpc,hpc7g.8xlarge,performance,32,128,0,0,aws-graviton-3,0,,2.632856
i2-2xlarge,i2,i2.2xlarge,storage,8,61,1600,0,intel-xeon-e52670v2,0,,2.2162132
i2-4xlarge,i2,i2.4xlarge,storage,16,122,3200,0,intel-xeon-e52670v2,0,,2.2162132
i2-8xlarge,i2,i2.8xlarge,storage,32,244,6400,0,intel-xeon-e52670v2,0,,2.2162132
i2-large,i2,i2.large,storage,2,15,0,0,intel-xeon-e52670v2,0,,1.8162132
i2-xlarge,i2,i2.xlarge,storage,4,30.5,800,0,intel-xeon-e52670v2,0,,2.2162132
i3-16xlarge,i3,i3.16xlarge,storage,64,488,15200,0,intel-xeon-e52686v4,0,,2.5879024
i3-2xlarge,i3,i3.2xlarge,storage,8,61,1900,0,intel-xeon-e52686v4,0,,2.5879024
i3-4xlarge,i3,i3.4xlarge,storage,16,122,3800,0,intel-xeon-e52686v4,0,,2.5879024
i3-8xlarge,i3,i3.8xlarge,storage,32,244,7600,0,intel-xeon-e52686v4,0,,2.5879024
i3-large,i3,i3.large,storage,2,15.25,475,0,intel-xeon-e52686v4,0,,2.5879024
i3-metal,i3,i3.metal,storage,72,512,15200,0,intel-xeon-e52686v4,0,,2.5879024
i3-xlarge,i3,i3.xlarge,storage,4,30.5,950,0,intel-xeon-e52686v4,0,,2.5879024
i3en-12xlarge,i3en,i3en.12xlarge,storage,48,384,30000,0,intel-xeon-8175,0,,2.9429488
i3en-24xlarge,i3en,i3en.24xlarge,storage,96,768,60000,0,intel-xeon-8175,0,,2.9429488
i3en-2xlarge,i3en,i3en.2xlarge,storage,8,64,5000,0,intel-xeon-8175,0,,2.9429488
i3en-3xlarge,i3en,i3en.3xlarge,storage,12,96,7500,0,intel-xeon-8175,0,,2.9429488
i3en-6xlarge,i3en,i3en.6xlarge,storage,24,192,15000,0,intel-xeon-8175,0,,2.9429488
i3en-large,i3en,i3en.large,storage,2,16,1250,0,intel-xeon-8175,0,,2.9429488
i3en-metal,i3en,i3en.metal,storage,96,768,60000,0,intel-xeon-8175,0,,2.9429488
i3en-xlarge,i3en,i3en.xlarge,storage,4,32,2500,0,intel-xeon-8175,0,,2.9429488
i4g-16xlarge,i4g,i4g.16xlarge,storage,64,512,15000,0,aws-graviton-2,0,,1.6879024
i4g-2xlarge,i4g,i4g.2xlarge,storage,8,64,1875,0,aws-graviton-2,0,,1.6879024
i4g-4xlarge,i4g,i4g.4xlarge,storage,16,128,3750,0,aws-graviton-2,0,,1.6879024
i4g-8xlarge,i4g,i4g.8xlarge,storage,32,256,7500,0,aws-graviton-2,0,,1.6879024
i4g-large,i4g,i4g.large,storage,2,16,468,0,aws-graviton-2,0,,1.6879024
i4g-xlarge,i4g,i4g.xlarge,storage,4,32,937,0,aws-graviton-2,0,,1.6879024
i4i-12xlarge,i4i,i4i.12xlarge,storage,48,384,11250,0,intel-xeon-8375c,0,,2.9429488
i4i-16xlarge,i4i,i4i.16xlarge,storage,64,512,15000,0,intel-xeon-8375c,0,,2.1429488
i4i-24xlarge,i4i,i4i.24xlarge,storage,96,768,22500,0,intel-xeon-8375c,0,,2.9429488
i4i-2xlarge,i4i,i4i.2xlarge,storage,8,64,1875,0,intel-xeon-8375c,0,,2.9429488
i4i-32xlarge,i4i,i4i.32xlarge,storage,128,1024,30000,0,intel-xeon-8375c,0,,1.7879024
i4i-4xlarge,i4i,i4i.4xlarge,storage,16,128,3750,0,intel-xeon-8375c,0,,2.632856
i4i-8xlarge,i4i,i4i.8xlarge,storage,32,256,7500,0,intel-xeon-8375c,0,,2.632856
i4i-large,i4i,i4i.large,storage,2,16,468,0,intel-xeon-8375c,0,,2.9429488
i4i-metal,i4i,i4i.metal,storage,128,1024,30000,0,intel-xeon-8375c,0,,1.7879024
i4i-xlarge,i4i,i4i.xlarge,storage,4,32,937,0,intel-xeon-8375c,0,,2.9429488
i7ie-12xlarge,i7ie,i7ie.12xlarge,storage,48,384,30000,0,intel-xeon-8559c,0,,2.9429488
i7ie-18xlarge,i7ie,i7ie.18xlarge,storage,72,576,45000,0,intel-xeon-8559c,0,,2.5879024
i7ie-24xlarge,i7ie,i7ie.24xlarge,storage,96,768,60000,0,intel-xeon-8559c,0,,2.9429488
i7ie-2xlarge,i7ie,i7ie.2xlarge,storage,8,64,5000,0,intel-xeon-8559c,0,,2.9429488
i7ie-3xlarge,i7ie,i7ie.3xlarge,storage,12,96,7500,0,intel-xeon-8559c,0,,2.9429488
i7ie-48xlarge,i7ie,i7ie.48xlarge,storage,192,1536,120000,0,intel-xeon-8559c,0,,4.1850384
i7ie-6xlarge,i7ie,i7ie.6xlarge,storage,24,192,15000,0,intel-xeon-8559c,0,,2.9429488
i7ie-large,i7ie,i7ie.large,storage,2,16,1250,0,intel-xeon-8559c,0,,2.9429488
i7ie-xlarge,i7ie,i7ie.xlarge,storage,4,32,2500,0,intel-xeon-8559c,0,,2.9429488
i8g-12xlarge,i8g,i8g.12xlarge,storage,48,384,11250,0,aws-graviton-4,0,,1.6879024
i8g-16xlarge,i8g,i8g.16xlarge,storage,64,512,15000,0,aws-graviton-4,0,,1.6879024
i8g-24xlarge,i8g,i8g.24xlarge,storage,96,768,22500,0,aws-graviton-4,0,,2.9429488
i8g-2xlarge,i8g,i8g.2xlarge,storage,8,64,1875,0,aws-graviton-4,0,,1.6879024
i8g-4xlarge,i8g,i8g.4xlarge,storage,16,128,3750,0,aws-graviton-4,0,,1.6879024
i8g-8xlarge,i8g,i8g.8xlarge,storage,32,256,7500,0,aws-graviton-4,0,,1.6879024
i8g-large,i8g,i8g.large,storage,2,16,468,0,aws-graviton-4,0,,1.6879024
i8g-metal-24xl,i8g,i8g.metal-24xl,storage,96,768,22500,0,aws-graviton-4,0,,2.9429488
i8g-xlarge,i8g,i8g.xlarge,storage,4,32,937,0,aws-graviton-4,0,,1.6879024
im4gn-16xlarge,im4gn,im4gn.16xlarge,storage,64,256,30000,0,aws-graviton-2,0,,3.0103792
im4gn-2xlarge,im4gn,im4gn.2xlarge,storage,8,32,3750,0,aws-graviton-2,0,,3.0103792
im4gn-4xlarge,im4gn,im4gn.4xlarge,storage,16,64,7500,0,aws-graviton-2,0,,3.0103792
im4gn-8xlarge,im4gn,im4gn.8xlarge,storage,32,128,15000,0,aws-graviton-2,0,,3.0103792
im4gn-large,im4gn,im4gn.large,storage,2,8,937,0,aws-graviton-2,0,,1.432856
im4gn-xlarge,im4gn,im4gn.xlarge,storage,4,16,1875,0,aws-graviton-2,0,,3.0103792
inf1-24xlarge,inf1,inf1.24xlarge,accelerated,96,192,0,0,intel-xeon-8275cl,16,aws-inferencia-1,1.3440944
inf1-2xlarge,inf1,inf1.2xlarge,accelerated,8,16,0,0,intel-xeon-8275cl,1,aws-inferencia-1,1.3440944
inf1-6xlarge,inf1,inf1.6xlarge,accelerated,24,48,0,0,intel-xeon-8275cl,4,aws-inferencia-1,1.3440944
inf1-xlarge,inf1,inf1.xlarge,accelerated,4,8,0,0,intel-xeon-8275cl,1,aws-inferencia-1,1.3440944
inf2-24xlarge,inf1,inf2.24xlarge,accelerated,96,384,0,0,amd-epyc-7r13,6,aws-inferencia-2,1.6103792
inf2-48xlarge,inf1,inf2.48xlarge,accelerated,192,768,0,0,amd-epyc-7r13,12,aws-inferencia-2,1.7879024
inf2-8xlarge,inf1,inf2.8xlarge,accelerated,32,128,0,0,amd-epyc-7r13,1,aws-inferencia-2,2.5440944
inf2-xlarge,inf1,inf2.xlarge,accelerated,4,16,0,0,amd-epyc-7r13,1,aws-inferencia-2,1.4772368
is4gen-2xlarge,is4gen,is4gen.2xlarge,storage,8,48,7500,0,aws-graviton-2,0,,1.7546168
is4gen-4xlarge,is4gen,is4gen.4xlarge,storage,16,96,15000,0,aws-graviton-2,0,,1.7546168
is4gen-8xlarge,is4gen,is4gen.8xlarge,storage,32,192,30000,0,aws-graviton-2,0,,1.7546168
is4gen-large,is4gen,is4gen.large,storage,2,12,1875,0,aws-graviton-2,0,,1.7546168
is4gen-medium,is4gen,is4gen.medium,storage,1,6,937,0,aws-graviton-2,0,,1.332856
is4gen-xlarge,is4gen,is4gen.xlarge,storage,4,24,3750,0,aws-graviton-2,0,,1.7546168
m1-large,m1,m1.large,general,2,7.5,0,840,intel-xeon-e52651v2,0,,1.6442376
m1-medium,m1,m1.medium,general,1,3.75,0,410,intel-xeon-e52651v2,0,,1.6442376
m1-small,m1,m1.small,general,1,1.7,0,160,intel-xeon-e52651v2,0,,1.6442376
m1-xlarge,m1,m1.xlarge,general,4,15,0,1680,intel-xeon-e52651v2,0,,1.6442376
m2-2xlarge,m2,m2.2xlarge,general,4,34.2,0,850,intel-xeon-e52665,0,,1.6661416
m2-4xlarge,m2,m2.4xlarge,general,8,68.4,0,1680,intel-xeon-e52665,0,,1.6661416
m2-xlarge,m2,m2.xlarge,general,2,17.1,0,420,intel-xeon-e52665,0,,1.6661416
m3-2xlarge,m3,m3.2xlarge,general,8,30,160,0,intel-xeon-e52670v2,0,,1.6106656
m3-large,m3,m3.large,general,2,7.5,32,0,intel-xeon-e52670v2,0,,1.6106656
m3-medium,m3,m3.medium,general,1,3.75,4,0,intel-xeon-e52670v2,0,,1.6106656
m3-xlarge,m3,m3.xlarge,general,4,15,80,0,intel-xeon-e52670v2,0,,1.6106656
m4-10xlarge,m4,m4.10xlarge,general,40,160,0,0,intel-xeon-e52676v3,0,,1.432856
m4-16xlarge,m4,m4.16xlarge,general,64,256,0,0,intel-xeon-e52686v4,0,,1.432856
m4-2xlarge,m4,m4.2xlarge,general,8,32,0,0,intel-xeon-e52676v3,0,,1.432856
m4-4xlarge,m4,m4.4xlarge,general,16,64,0,0,intel-xeon-e52676v3,0,,1.432856
m4-large,m4,m4.large,general,2,8,0,0,intel-xeon-e52676v3,0,,1.432856
m4-xlarge,m4,m4.xlarge,general,4,16,0,0,intel-xeon-e52676v3,0,,1.432856
m5-12xlarge,m5,m5.12xlarge,general,48,192,0,0,intel-xeon-8175,0,,1.6103792
m5-16xlarge,m5,m5.16xlarge,general,64,256,0,0,intel-xeon-8175,0,,1.6103792
m5-24xlarge,m5,m5.24xlarge,general,96,384,0,0,intel-xeon-8175,0,,1.6103792
m5-2xlarge,m5,m5.2xlarge,general,8,32,0,0,intel-xeon-8175,0,,1.6103792
m5-4xlarge,m5,m5.4xlarge,general,16,64,0,0,intel-xeon-8175,0,,1.6103792
m5-8xlarge,m5,m5.8xlarge,general,32,128,0,0,intel-xeon-8175,0,,1.6103792
m5-large,m5,m5.large,general,2,8,0,0,intel-xeon-8175,0,,1.6103792
m5-metal,m5,m5.metal,general,96,384,0,0,intel-xeon-8175,0,,1.6103792
m5-xlarge,m5,m5.xlarge,general,4,16,0,0,intel-xeon-8175,0,,1.6103792
m5a-12xlarge,m5a,m5a.12xlarge,general,48,192,0,0,amd-epyc-7571,0,,1.6103792
m5a-16xlarge,m5a,m5a.16xlarge,general,64,256,0,0,amd-epyc-7571,0,,1.6103792
m5a-24xlarge,m5a,m5a.24xlarge,general,96,384,0,0,amd-epyc-7571,0,,1.6103792
m5a-2xlarge,m5a,m5a.2xlarge,general,8,32,0,0,amd-epyc-7571,0,,1.6103792
m5a-4xlarge,m5a,m5a.4xlarge,general,16,64,0,0,amd-epyc-7571,0,,1.6103792
m5a-8xlarge,m5a,m5a.8xlarge,general,32,128,0,0,amd-epyc-7571,0,,1.6103792
m5a-large,m5a,m5a.large,general,2,8,0,0,amd-epyc-7571,0,,1.6103792
m5a-xlarge,m5a,m5a.xlarge,general,4,16,0,0,amd-epyc-7571,0,,1.6103792
m5ad-12xlarge,m5ad,m5ad.12xlarge,general,48,192,1800,0,amd-epyc-7571,0,,2.0103792
m5ad-16xlarge,m5ad,m5ad.16xlarge,general,64,256,2400,0,amd-epyc-7571,0,,2.0103792
m5ad-24xlarge,m5ad,m5ad.24xlarge,general,96,384,3600,0,amd-epyc-7571,0,,2.0103792
m5ad-2xlarge,m5ad,m5ad.2xlarge,general,8,32,300,0,amd-epyc-7571,0,,2.0103792
m5ad-4xlarge,m5ad,m5ad.4xlarge,general,16,64,600,0,amd-epyc-7571,0,,2.0103792
m5ad-8xlarge,m5ad,m5ad.8xlarge,general,32,128,1200,0,amd-epyc-7571,0,,2.0103792
m5ad-large,m5ad,m5ad.large,general,2,8,75,0,amd-epyc-7571,0,,2.0103792
m5ad-xlarge,m5ad,m5ad.xlarge,general,4,16,150,0,amd-epyc-7571,0,,2.0103792
m5d-12xlarge,m5d,m5d.12xlarge,general,48,192,1800,0,intel-xeon-8175,0,,2.0103792
m5d-16xlarge,m5d,m5d.16xlarge,general,64,256,2400,0,intel-xeon-8175,0,,2.0103792
m5d-24xlarge,m5d,m5d.24xlarge,general,96,384,3600,0,intel-xeon-8175,0,,2.0103792
m5d-2xlarge,m5d,m5d.2xlarge,general,8,32,300,0,intel-xeon-8175,0,,2.0103792
m5d-4xlarge,m5d,m5d.4xlarge,general,16,64,600,0,intel-xeon-8175,0,,2.0103792
m5d-8xlarge,m5d,m5d.8xlarge,general,32,128,1200,0,intel-xeon-8175,0,,2.0103792
m5d-large,m5d,m5d.large,general,2,8,75,0,intel-xeon-8175,0,,2.0103792
m5d-metal,m5d,m5d.metal,general,96,384,3600,0,intel-xeon-8175,0,,2.0103792
m5d-xlarge,m5d,m5d.xlarge,general,4,16,150,0,intel-xeon-8175,0,,2.0103792
m5dn-12xlarge,m5dn,m5dn.12xlarge,general,48,192,1800,0,intel-xeon-8259cl,0,,2.0103792
m5dn-16xlarge,m5dn,m5dn.16xlarge,general,64,256,2400,0,intel-xeon-8259cl,0,,2.0103792
m5dn-24xlarge,m5dn,m5dn.24xlarge,general,96,384,3600,0,intel-xeon-8259cl,0,,2.0103792
m5dn-2xlarge,m5dn,m5dn.2xlarge,general,8,32,300,0,intel-xeon-8259cl,0,,2.0103792
m5dn-4xlarge,m5dn,m5dn.4xlarge,general,16,64,600,0,intel-xeon-8259cl,0,,2.0103792
m5dn-8xlarge,m5dn,m5dn.8xlarge,general,32,128,1200,0,intel-xeon-8259cl,0,,2.0103792
m5dn-large,m5dn,m5dn.large,general,2,8,75,0,intel-xeon-8259cl,0,,2.0103792
m5dn-metal,m5dn,m5dn.metal,general,96,384,3600,0,intel-xeon-8259cl,0,,2.0103792
m5dn-xlarge,m5dn,m5dn.xlarge,general,4,16,150,0,intel-xeon-8259cl,0,,2.0103792
m5n-12xlarge,m5n,m5n.12xlarge,general,48,192,0,0,intel-xeon-8259cl,0,,1.6103792
m5n-16xlarge,m5n,m5n.16xlarge,general,64,256,0,0,intel-xeon-8259cl,0,,1.6103792
m5n-24xlarge,m5n,m5n.24xlarge,general,96,384,0,0,intel-xeon-8259cl,0,,1.6103792
m5n-2xlarge,m5n,m5n.2xlarge,general,8,32,0,0,intel-xeon-8259cl,0,,1.6103792
m5n-4xlarge,m5n,m5n.4xlarge,general,16,64,0,0,intel-xeon-8259cl,0,,1.6103792
m5n-8xlarge,m5n,m5n.8xlarge,general,32,128,0,0,intel-xeon-8259cl,0,,1.6103792
m5n-large,m5n,m5n.large,general,2,8,0,0,intel-xeon-8259cl,0,,1.6103792
m5n-metal,m5n,m5n.metal,general,96,384,0,0,intel-xeon-8259cl,0,,1.6103792
m5n-xlarge,m5n,m5n.xlarge,general,4,16,0,0,intel-xeon-8259cl,0,,1.6103792
m5zn-12xlarge,m5zn,m5zn.12xlarge,general,48,192,0,0,intel-xeon-8252c,0,,1.3440944
m5zn-2xlarge,m5zn,m5zn.2xlarge,general,8,32,0,0,intel-xeon-8252c,0,,1.3440944
m5zn-3xlarge,m5zn,m5zn.3xlarge,general,12,48,0,0,intel-xeon-8252c,0,,1.3440944
m5zn-6xlarge,m5zn,m5zn.6xlarge,general,24,96,0,0,intel-xeon-8252c,0,,1.3440944
m5zn-large,m5zn,m5zn.large,general,2,8,0,0,intel-xeon-8252c,0,,1.3440944
m5zn-metal,m5zn,m5zn.metal,general,48,192,0,0,intel-xeon-8252c,0,,1.3440944
m5zn-xlarge,m5zn,m5zn.xlarge,general,4,16,0,0,intel-xeon-8252c,0,,1.3440944
m6a-12xlarge,m6a,m6a.12xlarge,general,48,192,0,0,amd-epyc-7r13,0,,1.6103792
m6a-16xlarge,m6a,m6a.16xlarge,general,64,256,0,0,amd-epyc-7r13,0,,1.6103792
m6a-24xlarge,m6a,m6a.24xlarge,general,96,384,0,0,amd-epyc-7r13,0,,1.6103792
m6a-2xlarge,m6a,m6a.2xlarge,general,8,32,0,0,amd-epyc-7r13,0,,1.6103792
m6a-32xlarge,m6a,m6a.32xlarge,general,128,512,0,0,amd-epyc-7r13,0,,1.7879024
m6a-48xlarge,m6a,m6a.48xlarge,general,192,768,0,0,amd-epyc-7r13,0,,1.7879024
m6a-4xlarge,m6a,m6a.4xlarge,general,16,64,0,0,amd-epyc-7r13,0,,1.6103792
m6a-8xlarge,m6a,m6a.8xlarge,general,32,128,0,0,amd-epyc-7r13,0,,1.6103792
m6a-large,m6a,m6a.large,general,2,8,0,0,amd-epyc-7r13,0,,1.6103792
m6a-metal,m6a,m6a.metal,general,192,768,0,0,amd-epyc-7r13,0,,1.7879024
m6a-xlarge,m6a,m6a.xlarge,general,4,16,0,0,amd-epyc-7r13,0,,1.6103792
m6g-12xlarge,m6g,m6g.12xlarge,general,48,192,0,0,aws-graviton-2,0,,1.332856
m6g-16xlarge,m6g,m6g.16xlarge,general,64,256,0,0,aws-graviton-2,0,,1.332856
m6g-2xlarge,m6g,m6g.2xlarge,general,8,32,0,0,aws-graviton-2,0,,1.332856
m6g-4xlarge,m6g,m6g.4xlarge,general,16,64,0,0,aws-graviton-2,0,,1.332856
m6g-8xlarge,m6g,m6g.8xlarge,general,32,128,0,0,aws-graviton-2,0,,1.332856
m6g-large,m6g,m6g.large,general,2,8,0,0,aws-graviton-2,0,,1.332856
m6g-medium,m6g,m6g.medium,general,1,4,0,0,aws-graviton-2,0,,1.332856
m6g-metal,m6g,m6g.metal,general,64,256,0,0,aws-graviton-2,0,,1.332856
m6g-xlarge,m6g,m6g.xlarge,general,4,16,0,0,aws-graviton-2,0,,1.332856
m6gd-12xlarge,m6gd,m6gd.12xlarge,general,48,192,2850,0,aws-graviton-2,0,,1.532856
m6gd-16xlarge,m6gd,m6gd.16xlarge,general,64,256,3800,0,aws-graviton-2,0,,1.532856
m6gd-2xlarge,m6gd,m6gd.2xlarge,general,8,32,474,0,aws-graviton-2,0,,1.532856
m6gd-4xlarge,m6gd,m6gd.4xlarge,general,16,64,950,0,aws-graviton-2,0,,1.532856
m6gd-8xlarge,m6gd,m6gd.8xlarge,general,32,128,1900,0,aws-graviton-2,0,,1.532856
m6gd-large,m6gd,m6gd.large,general,2,8,118,0,aws-graviton-2,0,,1.532856
m6gd-medium,m6gd,m6gd.medium,general,1,4,59,0,aws-graviton-2,0,,1.532856
m6gd-metal,m6gd,m6gd.metal,general,64,256,3800,0,aws-graviton-2,0,,1.532856
m6gd-xlarge,m6gd,m6gd.xlarge,general,4,16,237,0,aws-graviton-2,0,,1.532856
m6i-12xlarge,m6i,m6i.12xlarge,general,48,192,0,0,intel-xeon-8375c,0,,1.7879024
m6i-16xlarge,m6i,m6i.16xlarge,general,64,256,0,0,intel-xeon-8375c,0,,1.7879024
m6i-24xlarge,m6i,m6i.24xlarge,general,96,384,0,0,intel-xeon-8375c,0,,1.7879024
m6i-2xlarge,m6i,m6i.2xlarge,general,8,32,0,0,intel-xeon-8375c,0,,1.7879024
m6i-32xlarge,m6i,m6i.32xlarge,general,128,512,0,0,intel-xeon-8375c,0,,1.7879024
m6i-4xlarge,m6i,m6i.4xlarge,general,16,64,0,0,intel-xeon-8375c,0,,1.7879024
m6i-8xlarge,m6i,m6i.8xlarge,general,32,128,0,0,intel-xeon-8375c,0,,1.7879024
m6i-large,m6i,m6i.large,general,2,8,0,0,intel-xeon-8375c,0,,1.7879024
m6i-metal,m6i,m6i.metal,general,128,512,0,0,intel-xeon-8375c,0,,1.7879024
m6i-xlarge,m6i,m6i.xlarge,general,4,16,0,0,intel-xeon-8375c,0,,1.7879024
m6id-12xlarge,m6id,m6id.12xlarge,general,48,192,2850,0,intel-xeon-8375c,0,,1.532856
m6id-16xlarge,m6id,m6id.16xlarge,general,64,256,3800,0,intel-xeon-8375c,0,,1.532856
m6id-24xlarge,m6id,m6id.24xlarge,general,96,384,5700,0,intel-xeon-8375c,0,,1.7879024
m6id-2xlarge,m6id,m6id.2xlarge,general,8,32,474,0,intel-xeon-8375c,0,,1.532856
m6id-32xlarge,m6id,m6id.32xlarge,general,128,512,7600,0,intel-xeon-8375c,0,,1.7879024
m6id-4xlarge,m6id,m6id.4xlarge,general,16,64,950,0,intel-xeon-8375c,0,,1.532856
m6id-8xlarge,m6id,m6id.8xlarge,general,32,128,1900,0,intel-xeon-8375c,0,,1.532856
m6id-large,m6id,m6id.large,general,2,8,118,0,intel-xeon-8375c,0,,1.532856
m6id-metal,m6id,m6id.metal,general,128,512,7600,0,intel-xeon-8375c,0,,1.7879024
m6id-xlarge,m6id,m6id.xlarge,general,4,16,237,0,intel-xeon-8375c,0,,1.532856
m6idn-12xlarge,m6idn,m6idn.12xlarge,general,48,192,2850,0,intel-xeon-8375c,0,,2.0103792
m6idn-16xlarge,m6idn,m6idn.16xlarge,general,64,256,3800,0,intel-xeon-8375c,0,,2.0103792
m6idn-24xlarge,m6idn,m6idn.24xlarge,general,96,384,5700,0,intel-xeon-8375c,0,,2.0103792
m6idn-2xlarge,m6idn,m6idn.2xlarge,general,8,32,474,0,intel-xeon-8375c,0,,2.0103792
m6idn-32xlarge,m6idn,m6idn.32xlarge,general,128,512,7600,0,intel-xeon-8375c,0,,1.7879024
m6idn-4xlarge,m6idn,m6idn.4xlarge,general,16,64,950,0,intel-xeon-8375c,0,,2.0103792
m6idn-8xlarge,m6idn,m6idn.8xlarge,general,32,128,1900,0,intel-xeon-8375c,0,,2.0103792
m6idn-large,m6idn,m6idn.large,general,2,8,118,0,intel-xeon-8375c,0,,2.0103792
m6idn-metal,m6idn,m6idn.metal,general,128,512,7600,0,intel-xeon-8375c,0,,1.7879024
m6idn-xlarge,m6idn,m6idn.xlarge,general,4,16,237,0,intel-xeon-8375c,0,,2.0103792
m6in-12xlarge,m6in,m6in.12xlarge,general,48,192,0,0,intel-xeon-8375c,0,,1.7879024
m6in-16xlarge,m6in,m6in.16xlarge,general,64,256,0,0,intel-xeon-8375c,0,,1.7879024
m6in-24xlarge,m6in,m6in.24xlarge,general,96,384,0,0,intel-xeon-8375c,0,,1.7879024
m6in-2xlarge,m6in,m6in.2xlarge,general,8,32,0,0,intel-xeon-8375c,0,,1.7879024
m6in-32xlarge,m6in,m6in.32xlarge,general,128,512,0,0,intel-xeon-8375c,0,,1.7879024
m6in-4xlarge,m6in,m6in.4xlarge,general,16,64,0,0,intel-xeon-8375c,0,,1.7879024
m6in-8xlarge,m6in,m6in.8xlarge,general,32,128,0,0,intel-xeon-8375c,0,,1.7879024
m6in-large,m6in,m6in.large,general,2,8,0,0,intel-xeon-8375c,0,,1.7879024
m6in-metal,m6in,m6in.metal,general,128,512,0,0,intel-xeon-8375c,0,,1.7879024
m6in-xlarge,m6in,m6in.xlarge,general,4,16,0,0,intel-xeon-8375c,0,,1.7879024
m7a-12xlarge,m7a,m7a.12xlarge,general,48,192,0,0,amd-epyc-9r14,0,,1.6103792
m7a-16xlarge,m7a,m7a.16xlarge,general,64,256,0,0,amd-epyc-9r14,0,,1.6103792
m7a-24xlarge,m7a,m7a.24xlarge,general,96,384,0,0,amd-epyc-9r14,0,,1.6103792
m7a-2xlarge,m7a,m7a.2xlarge,general,8,32,0,0,amd-epyc-9r14,0,,1.6103792
m7a-32xlarge,m7a,m7a.32xlarge,general,128,512,0,0,amd-epyc-9r14,0,,1.7879024
m7a-48xlarge,m7a,m7a.48xlarge,general,192,768,0,0,amd-epyc-9r14,0,,1.7879024
m7a-4xlarge,m7a,m7a.4xlarge,general,16,64,0,0,amd-epyc-9r14,0,,1.6103792
m7a-8xlarge,m7a,m7a.8xlarge,general,32,128,0,0,amd-epyc-9r14,0,,1.6103792
m7a-large,m7a,m7a.large,general,2,8,0,0,amd-epyc-9r14,0,,1.6103792
m7a-medium,m7a,m7a.medium,general,1,4,0,0,amd-epyc-9r14,0,,1.332856
m7a-metal-48xl,m7a,m7a.metal-48xl,general,192,768,0,0,amd-epyc-9r14,0,,1.7879024
m7a-xlarge,m7a,m7a.xlarge,general,4,16,0,0,amd-epyc-9r14,0,,1.6103792
m7g-12xlarge,m7g,m7g.12xlarge,general,48,192,0,0,aws-graviton-3,0,,1.332856
m7g-16xlarge,m7g,m7g.16xlarge,general,64,256,0,0,aws-graviton-3,0,,1.332856
m7g-2xlarge,m7g,m7g.2xlarge,general,8,32,0,0,aws-graviton-3,0,,1.332856
m7g-4xlarge,m7g,m7g.4xlarge,general,16,64,0,0,aws-graviton-3,0,,1.332856
m7g-8xlarge,m7g,m7g.8xlarge,general,32,128,0,0,aws-graviton-3,0,,1.332856
m7g-large,m7g,m7g.large,general,2,8,0,0,aws-graviton-3,0,,1.332856
m7g-medium,m7g,m7g.medium,general,1,4,0,0,aws-graviton-3,0,,1.332856
m7g-metal,m7g,m7g.metal,general,64,256,0,0,aws-graviton-3,0,,1.332856
m7g-xlarge,m7g,m7g.xlarge,general,4,16,0,0,aws-graviton-3,0,,1.332856
m7gd-12xlarge,m7gd,m7gd.12xlarge,general,48,192,2850,0,aws-graviton-3,0,,1.532856
m7gd-16xlarge,m7gd,m7gd.16xlarge,general,64,256,3800,0,aws-graviton-3,0,,1.532856
m7gd-2xlarge,m7gd,m7gd.2xlarge,general,8,32,474,0,aws-graviton-3,0,,1.532856
m7gd-4xlarge,m7gd,m7gd.4xlarge,general,16,64,950,0,aws-graviton-3,0,,1.532856
m7gd-8xlarge,m7gd,m7gd.8xlarge,general,32,128,1900,0,aws-graviton-3,0,,1.532856
m7gd-large,m7gd,m7gd.large,general,2,8,118,0,aws-graviton-3,0,,1.532856
m7gd-medium,m7gd,m7gd.medium,general,1,4,59,0,aws-graviton-3,0,,1.532856
m7gd-metal,m7gd,m7gd.metal,general,64,256,3800,0,aws-graviton-3,0,,1.532856
m7gd-xlarge,m7gd,m7gd.xlarge,general,4,16,237,0,aws-graviton-3,0,,1.532856
m7i-12xlarge,m7i,m7i.12xlarge,general,48,192,0,0,intel-xeon-8488c,0,,1.7879024
m7i-flex-12xlarge,m7i,m7i-flex.12xlarge,general,48,192,0,0,intel-xeon-8488c,0,,1.7879024
m7i-16xlarge,m7i,m7i.16xlarge,general,64,256,0,0,intel-xeon-8488c,0,,1.7879024
m7i-24xlarge,m7i,m7i.24xlarge,general,96,384,0,0,intel-xeon-8488c,0,,1.7879024
m7i-2xlarge,m7i,m7i.2xlarge,general,8,32,0,0,intel-xeon-8488c,0,,1.7879024
m7i-48xlarge,m7i,m7i.48xlarge,general,192,768,0,0,intel-xeon-8488c,0,,1.7879024
m7i-4xlarge,m7i,m7i.4xlarge,general,16,64,0,0,intel-xeon-8488c,0,,1.7879024
m7i-8xlarge,m7i,m7i.8xlarge,general,32,128,0,0,intel-xeon-8488c,0,,1.7879024
m7i-flex-2xlarge,m7i-flex,m7i-flex.2xlarge,general,8,32,0,0,intel-xeon-8488c,0,,1.7879024
m7i-flex-4xlarge,m7i-flex,m7i-flex.4xlarge,general,16,64,0,0,intel-xeon-8488c,0,,1.7879024
m7i-flex-8xlarge,m7i-flex,m7i-flex.8xlarge,general,32,128,0,0,intel-xeon-8488c,0,,1.7879024
m7i-flex-large,m7i-flex,m7i-flex.large,general,2,8,0,0,intel-xeon-8488c,0,,1.7879024
m7i-flex-xlarge,m7i-flex,m7i-flex.xlarge,general,4,16,0,0,intel-xeon-8488c,0,,1.7879024
m7i-large,m7i,m7i.large,general,2,8,0,0,intel-xeon-8488c,0,,1.7879024
m7i-metal-24xl,m7i,m7i.metal-24xl,general,96,384,0,0,intel-xeon-8488c,0,,1.6103792
m7i-metal-48xl,m7i,m7i.metal-48xl,general,192,768,0,0,intel-xeon-8488c,0,,1.7879024
m7i-xlarge,m7i,m7i.xlarge,general,4,16,0,0,intel-xeon-8488c,0,,1.7879024
m8g-12xlarge,m8g,m8g.12xlarge,general,48,192,0,0,aws-graviton-4,0,,1.332856
m8g-16xlarge,m8g,m8g.16xlarge,general,64,256,0,0,aws-graviton-4,0,,1.332856
m8g-24xlarge,m8g,m8g.24xlarge,general,96,384,0,0,aws-graviton-4,0,,1.6103792
m8g-2xlarge,m8g,m8g.2xlarge,general,8,32,0,0,aws-graviton-4,0,,1.332856
m8g-48xlarge,m8g,m8g.48xlarge,general,192,768,0,0,aws-graviton-4,0,,1.7879024
m8g-4xlarge,m8g,m8g.4xlarge,general,16,64,0,0,aws-graviton-4,0,,1.332856
m8g-8xlarge,m8g,m8g.8xlarge,general,32,128,0,0,aws-graviton-4,0,,1.332856
m8g-large,m8g,m8g.large,general,2,8,0,0,aws-graviton-4,0,,1.332856
m8g-medium,m8g,m8g.medium,general,1,4,0,0,aws-graviton-4,0,,1.332856
m8g-metal-24xl,m8g,m8g.metal-24xl,general,96,384,0,0,aws-graviton-4,0,,1.6103792
m8g-metal-48xl,m8g,m8g.metal-48xl,general,192,768,0,0,aws-graviton-4,0,,1.7879024
m8g-xlarge,m8g,m8g.xlarge,general,4,16,0,0,aws-graviton-4,0,,1.332856
mac1-metal,mac,mac1.metal,general,12,32,0,0,intel-core-i78700b,0,,1.0221904
mac2-m1ultra-metal,mac,mac2-m1ultra.metal,general,20,128,0,0,apple-m1-ultra,0,,2.632856
mac2-m2-metal,mac,mac2-m2.metal,general,8,24,0,0,apple-m2,0,,1.6103792
mac2-m2pro-metal,mac,mac2-m2pro.metal,general,12,32,0,0,apple-m2-pro,0,,1.0221904
mac2-metal,mac,mac2.metal,general,8,16,0,0,apple-m1,0,,1.2440944
p2-16xlarge,p2,p2.16xlarge,accelerated,64,732,0,0,intel-xeon-e52686v4,8,nvidia-tesla-k80,4.4930204
p2-8xlarge,p2,p2.8xlarge,accelerated,32,488,0,0,intel-xeon-e52686v4,4,nvidia-tesla-k80,4.4930204
p2-xlarge,p2,p2.xlarge,accelerated,4,61,0,0,intel-xeon-e52686v4,1,nvidia-tesla-k80,4.4930204
p3-16xlarge,p3,p3.16xlarge,accelerated,64,488,0,0,intel-xeon-e52686v4,8,nvidia-tesla-v10016,3.5429488
p3-2xlarge,p3,p3.2xlarge,accelerated,8,61,0,0,intel-xeon-e52686v4,1,nvidia-tesla-v10016,3.5429488
p3-8xlarge,p3,p3.8xlarge,accelerated,32,244,0,0,intel-xeon-e52686v4,4,nvidia-tesla-v10016,3.5429488
p3dn-24xlarge,p3,p3dn.24xlarge,accelerated,96,768,1800,0,intel-xeon-8175,8,nvidia-tesla-v10032,3.5429488
p4d-24xlarge,p4,p4d.24xlarge,accelerated,96,1152,8000,0,intel-xeon-8275cl,8,nvidia-tesla-a10040,4.6755184
p4de-24xlarge,p4,p4de.24xlarge,accelerated,96,1152,8000,0,intel-xeon-8275cl,8,nvidia-tesla-a10080,4.6755184
p5-48xlarge,p5,p5.48xlarge,accelerated,192,2048,30400,0,amd-epyc-7r13,8,nvidia-tesla-h10080,4.1850384
p5e-48xlarge,p5,p5e.48xlarge,accelerated,192,2048,30400,0,amd-epyc-7r13,8,nvidia-tesla-h10094,4.1850384
p5en-48xlarge,p5,p5en.48xlarge,accelerated,192,2048,30400,0,intel-xeon-8488c,8,nvidia-tesla-h10094,4.1850384
r3-2xlarge,r3,r3.2xlarge,memory,8,61,160,0,intel-xeon-e52670v2,0,,1.6162132
r3-4xlarge,r3,r3.4xlarge,memory,16,122,320,0,intel-xeon-e52670v2,0,,1.6162132
r3-8xlarge,r3,r3.8xlarge,memory,32,244,640,0,intel-xeon-e52670v2,0,,1.6162132
r3-large,r3,r3.large,memory,2,15.25,32,0,intel-xeon-e52670v2,0,,1.6162132
r3-xlarge,r3,r3.xlarge,memory,4,30.5,80,0,intel-xeon-e52670v2,0,,1.6162132
r4-16xlarge,r4,r4.16xlarge,memory,64,488,0,0,intel-xeon-e52686v4,0,,1.7546168
r4-2xlarge,r4,r4.2xlarge,memory,8,61,0,0,intel-xeon-e52686v4,0,,1.7546168
r4-4xlarge,r4,r4.4xlarge,memory,16,122,0,0,intel-xeon-e52686v4,0,,1.7546168
r4-8xlarge,r4,r4.8xlarge,memory,32,244,0,0,intel-xeon-e52686v4,0,,1.7546168
r4-large,r4,r4.large,memory,2,15.25,0,0,intel-xeon-e52686v4,0,,1.7546168
r4-xlarge,r4,r4.xlarge,memory,4,30.5,0,0,intel-xeon-e52686v4,0,,1.7546168
r5-12xlarge,r5,r5.12xlarge,memory,48,384,0,0,intel-xeon-8175,0,,2.1429488
r5-16xlarge,r5,r5.16xlarge,memory,64,512,0,0,intel-xeon-8175,0,,2.1429488
r5-24xlarge,r5,r5.24xlarge,memory,96,768,0,0,intel-xeon-8175,0,,2.1429488
r5-2xlarge,r5,r5.2xlarge,memory,8,64,0,0,intel-xeon-8175,0,,2.1429488
r5-4xlarge,r5,r5.4xlarge,memory,16,128,0,0,intel-xeon-8175,0,,2.1429488
r5-8xlarge,r5,r5.8xlarge,memory,32,256,0,0,intel-xeon-8175,0,,2.1429488
r5-large,r5,r5.large,memory,2,16,0,0,intel-xeon-8175,0,,2.1429488
r5-metal,r5,r5.metal,memory,96,768,0,0,intel-xeon-8175,0,,2.1429488
r5-xlarge,r5,r5.xlarge,memory,4,32,0,0,intel-xeon-8175,0,,2.1429488
r5a-12xlarge,r5a,r5a.12xlarge,memory,48,384,0,0,amd-epyc-7571,0,,2.1429488
r5a-16xlarge,r5a,r5a.16xlarge,memory,64,512,0,0,amd-epyc-7571,0,,2.1429488
r5a-24xlarge,r5a,r5a.24xlarge,memory,96,768,0,0,amd-epyc-7571,0,,2.1429488
r5a-2xlarge,r5a,r5a.2xlarge,memory,8,64,0,0,amd-epyc-7571,0,,2.1429488
r5a-4xlarge,r5a,r5a.4xlarge,memory,16,128,0,0,amd-epyc-7571,0,,2.1429488
r5a-8xlarge,r5a,r5a.8xlarge,memory,32,256,0,0,amd-epyc-7571,0,,2.1429488
r5a-large,r5a,r5a.large,memory,2,16,0,0,amd-epyc-7571,0,,2.1429488
r5a-xlarge,r5a,r5a.xlarge,memory,4,32,0,0,amd-epyc-7571,0,,2.1429488
r5ad-12xlarge,r5ad,r5ad.12xlarge,memory,48,384,1800,0,amd-epyc-7571,0,,2.5429488
r5ad-16xlarge,r5ad,r5ad.16xlarge,memory,64,512,2400,0,amd-epyc-7571,0,,2.5429488
r5ad-24xlarge,r5ad,r5ad.24xlarge,memory,96,768,3600,0,amd-epyc-7571,0,,2.5429488
r5ad-2xlarge,r5ad,r5ad.2xlarge,memory,8,64,300,0,amd-epyc-7571,0,,2.5429488
r5ad-4xlarge,r5ad,r5ad.4xlarge,memory,16,128,600,0,amd-epyc-7571,0,,2.5429488
r5ad-8xlarge,r5ad,r5ad.8xlarge,memory,32,256,1200,0,amd-epyc-7571,0,,2.5429488
r5ad-large,r5ad,r5ad.large,memory,2,16,75,0,amd-epyc-7571,0,,2.5429488
r5ad-xlarge,r5ad,r5ad.xlarge,memory,4,32,150,0,amd-epyc-7571,0,,2.5429488
r5b-12xlarge,r5b,r5b.12xlarge,memory,48,384,0,0,intel-xeon-8259cl,0,,2.1429488
r5b-16xlarge,r5b,r5b.16xlarge,memory,64,512,0,0,intel-xeon-8259cl,0,,2.1429488
r5b-24xlarge,r5b,r5b.24xlarge,memory,96,768,0,0,intel-xeon-8259cl,0,,2.1429488
r5b-2xlarge,r5b,r5b.2xlarge,memory,8,64,0,0,intel-xeon-8259cl,0,,2.1429488
r5b-4xlarge,r5b,r5b.4xlarge,memory,16,128,0,0,intel-xeon-8259cl,0,,2.1429488
r5b-8xlarge,r5b,r5b.8xlarge,memory,32,256,0,0,intel-xeon-8259cl,0,,2.1429488
r5b-large,r5b,r5b.large,memory,2,16,0,0,intel-xeon-8259cl,0,,2.1429488
r5b-metal,r5b,r5b.metal,memory,96,768,0,0,intel-xeon-8259cl,0,,2.1429488
r5b-xlarge,r5b,r5b.xlarge,memory,4,32,0,0,intel-xeon-8259cl,0,,2.1429488
r5d-12xlarge,r5d,r5d.12xlarge,memory,48,384,1800,0,intel-xeon-8175,0,,2.5429488
r5d-16xlarge,r5d,r5d.16xlarge,memory,64,512,2400,0,intel-xeon-8175,0,,2.5429488
r5d-24xlarge,r5d,r5d.24xlarge,memory,96,768,3600,0,intel-xeon-8175,0,,2.5429488
r5d-2xlarge,r5d,r5d.2xlarge,memory,8,64,300,0,intel-xeon-8175,0,,2.5429488
r5d-4xlarge,r5d,r5d.4xlarge,memory,16,128,600,0,intel-xeon-8175,0,,2.5429488
r5d-8xlarge,r5d,r5d.8xlarge,memory,32,256,1200,0,intel-xeon-8175,0,,2.5429488
r5d-large,r5d,r5d.large,memory,2,16,75,0,intel-xeon-8175,0,,2.5429488
r5d-metal,r5d,r5d.metal,memory,96,768,3600,0,intel-xeon-8175,0,,2.5429488
r5d-xlarge,r5d,r5d.xlarge,memory,4,32,150,0,intel-xeon-8175,0,,2.5429488
r5dn-12xlarge,r5dn,r5dn.12xlarge,memory,48,384,1800,0,intel-xeon-8259cl,0,,2.5429488
r5dn-16xlarge,r5dn,r5dn.16xlarge,memory,64,512,2400,0,intel-xeon-8259cl,0,,2.5429488
r5dn-24xlarge,r5dn,r5dn.24xlarge,memory,96,768,3600,0,intel-xeon-8259cl,0,,2.5429488
r5dn-2xlarge,r5dn,r5dn.2xlarge,memory,8,64,300,0,intel-xeon-8259cl,0,,2.5429488
r5dn-4xlarge,r5dn,r5dn.4xlarge,memory,16,128,600,0,intel-xeon-8259cl,0,,2.5429488
r5dn-8xlarge,r5dn,r5dn.8xlarge,memory,32,256,1200,0,intel-xeon-8259cl,0,,2.5429488
r5dn-large,r5dn,r5dn.large,memory,2,16,75,0,intel-xeon-8259cl,0,,2.5429488
r5dn-metal,r5dn,r5dn.metal,memory,96,768,3600,0,intel-xeon-8259cl,0,,2.5429488
r5dn-xlarge,r5dn,r5dn.xlarge,memory,4,32,150,0,intel-xeon-8259cl,0,,2.5429488
r5n-12xlarge,r5n,r5n.12xlarge,memory,48,384,0,0,intel-xeon-8259cl,0,,2.1429488
r5n-16xlarge,r5n,r5n.16xlarge,memory,64,512,0,0,intel-xeon-8259cl,0,,2.1429488
r5n-24xlarge,r5n,r5n.24xlarge,memory,96,768,0,0,intel-xeon-8259cl,0,,2.1429488
r5n-2xlarge,r5n,r5n.2xlarge,memory,8,64,0,0,intel-xeon-8259cl,0,,2.1429488
r5n-4xlarge,r5n,r5n.4xlarge,memory,16,128,0,0,intel-xeon-8259cl,0,,2.1429488
r5n-8xlarge,r5n,r5n.8xlarge,memory,32,256,0,0,intel-xeon-8259cl,0,,2.1429488
r5n-large,r5n,r5n.large,memory,2,16,0,0,intel-xeon-8259cl,0,,2.1429488
r5n-metal,r5n,r5n.metal,memory,96,768,0,0,intel-xeon-8259cl,0,,2.1429488
r5n-xlarge,r5n,r5n.xlarge,memory,4,32,0,0,intel-xeon-8259cl,0,,2.1429488
r6a-12xlarge,r6a,r6a.12xlarge,memory,48,384,0,0,amd-epyc-7r13,0,,2.1429488
r6a-16xlarge,r6a,r6a.16xlarge,memory,64,512,0,0,amd-epyc-7r13,0,,2.1429488
r6a-24xlarge,r6a,r6a.24xlarge,memory,96,768,0,0,amd-epyc-7r13,0,,2.1429488
r6a-2xlarge,r6a,r6a.2xlarge,memory,8,64,0,0,amd-epyc-7r13,0,,2.1429488
r6a-32xlarge,r6a,r6a.32xlarge,memory,128,1024,0,0,amd-epyc-7r13,0,,1.7879024
r6a-48xlarge,r6a,r6a.48xlarge,memory,192,1536,0,0,amd-epyc-7r13,0,,4.1850384
r6a-4xlarge,r6a,r6a.4xlarge,memory,16,128,0,0,amd-epyc-7r13,0,,2.1429488
r6a-8xlarge,r6a,r6a.8xlarge,memory,32,256,0,0,amd-epyc-7r13,0,,2.1429488
r6a-large,r6a,r6a.large,memory,2,16,0,0,amd-epyc-7r13,0,,2.1429488
r6a-metal,r6a,r6a.metal,memory,192,1536,0,0,amd-epyc-7r13,0,,3.9850384
r6a-xlarge,r6a,r6a.xlarge,memory,4,32,0,0,amd-epyc-7r13,0,,2.1429488
r6g-12xlarge,r6g,r6g.12xlarge,memory,48,384,0,0,aws-graviton-2,0,,1.6879024
r6g-16xlarge,r6g,r6g.16xlarge,memory,64,512,0,0,aws-graviton-2,0,,1.6879024
r6g-2xlarge,r6g,r6g.2xlarge,memory,8,64,0,0,aws-graviton-2,0,,1.6879024
r6g-4xlarge,r6g,r6g.4xlarge,memory,16,128,0,0,aws-graviton-2,0,,1.6879024
r6g-8xlarge,r6g,r6g.8xlarge,memory,32,256,0,0,aws-graviton-2,0,,1.6879024
r6g-large,r6g,r6g.large,memory,2,16,0,0,aws-graviton-2,0,,1.6879024
r6g-medium,r6g,r6g.medium,memory,1,8,0,0,aws-graviton-2,0,,1.6879024
r6g-metal,r6g,r6g.metal,memory,64,512,0,0,aws-graviton-2,0,,1.6879024
r6g-xlarge,r6g,r6g.xlarge,memory,4,32,0,0,aws-graviton-2,0,,1.6879024
r6gd-12xlarge,r6gd,r6gd.12xlarge,memory,48,384,2850,0,aws-graviton-2,0,,1.8879024
r6gd-16xlarge,r6gd,r6gd.16xlarge,memory,64,512,3800,0,aws-graviton-2,0,,1.8879024
r6gd-2xlarge,r6gd,r6gd.2xlarge,memory,8,64,474,0,aws-graviton-2,0,,1.8879024
r6gd-4xlarge,r6gd,r6gd.4xlarge,memory,16,128,950,0,aws-graviton-2,0,,1.8879024
r6gd-8xlarge,r6gd,r6gd.8xlarge,memory,32,256,1900,0,aws-graviton-2,0,,1.8879024
r6gd-large,r6gd,r6gd.large,memory,2,16,118,0,aws-graviton-2,0,,1.8879024
r6gd-medium,r6gd,r6gd.medium,memory,1,8,59,0,aws-graviton-2,0,,1.8879024
r6gd-metal,r6gd,r6gd.metal,memory,64,512,3800,0,aws-graviton-2,0,,1.8879024
r6gd-xlarge,r6gd,r6gd.xlarge,memory,4,32,237,0,aws-graviton-2,0,,1.8879024
r6i-12xlarge,r6i,r6i.12xlarge,memory,48,384,0,0,intel-xeon-8375c,0,,1.6879024
r6i-16xlarge,r6i,r6i.16xlarge,memory,64,512,0,0,intel-xeon-8375c,0,,1.6879024
r6i-24xlarge,r6i,r6i.24xlarge,memory,96,768,0,0,intel-xeon-8375c,0,,2.1429488
r6i-2xlarge,r6i,r6i.2xlarge,memory,8,64,0,0,intel-xeon-8375c,0,,1.6879024
r6i-32xlarge,r6i,r6i.32xlarge,memory,128,1024,0,0,intel-xeon-8375c,0,,1.7879024
r6i-4xlarge,r6i,r6i.4xlarge,memory,16,128,0,0,intel-xeon-8375c,0,,1.6879024
r6i-8xlarge,r6i,r6i.8xlarge,memory,32,256,0,0,intel-xeon-8375c,0,,1.6879024
r6i-large,r6i,r6i.large,memory,2,16,0,0,intel-xeon-8375c,0,,1.6879024
r6i-metal,r6i,r6i.metal,memory,128,1024,0,0,intel-xeon-8375c,0,,1.7879024
r6i-xlarge,r6i,r6i.xlarge,memory,4,32,0,0,intel-xeon-8375c,0,,1.6879024
r6id-12xlarge,r6id,r6id.12xlarge,memory,48,384,2850,0,intel-xeon-8375c,0,,1.8879024
r6id-16xlarge,r6id,r6id.16xlarge,memory,64,512,3800,0,intel-xeon-8375c,0,,1.8879024
r6id-24xlarge,r6id,r6id.24xlarge,memory,96,768,5700,0,intel-xeon-8375c,0,,2.5429488
r6id-2xlarge,r6id,r6id.2xlarge,memory,8,64,474,0,intel-xeon-8375c,0,,1.8879024
r6id-32xlarge,r6id,r6id.32xlarge,memory,128,1024,7600,0,intel-xeon-8375c,0,,1.7879024
r6id-4xlarge,r6id,r6id.4xlarge,memory,16,128,950,0,intel-xeon-8375c,0,,1.8879024
r6id-8xlarge,r6id,r6id.8xlarge,memory,32,256,1900,0,intel-xeon-8375c,0,,1.8879024
r6id-large,r6id,r6id.large,memory,2,16,118,0,intel-xeon-8375c,0,,1.8879024
r6id-metal,r6id,r6id.metal,memory,128,1024,7600,0,intel-xeon-8375c,0,,1.7879024
r6id-xlarge,r6id,r6id.xlarge,memory,4,32,237,0,intel-xeon-8375c,0,,1.8879024
r6idn-12xlarge,r6idn,r6idn.12xlarge,memory,48,384,2850,0,intel-xeon-8375c,0,,2.5429488
r6idn-16xlarge,r6idn,r6idn.16xlarge,memory,64,512,3800,0,intel-xeon-8375c,0,,2.5429488
r6idn-24xlarge,r6idn,r6idn.24xlarge,memory,96,768,5700,0,intel-xeon-8375c,0,,2.5429488
r6idn-2xlarge,r6idn,r6idn.2xlarge,memory,8,64,474,0,intel-xeon-8375c,0,,2.5429488
r6idn-32xlarge,r6idn,r6idn.32xlarge,memory,128,1024,7600,0,intel-xeon-8375c,0,,1.7879024
r6idn-4xlarge,r6idn,r6idn.4xlarge,memory,16,128,950,0,intel-xeon-8375c,0,,2.5429488
r6idn-8xlarge,r6idn,r6idn.8xlarge,memory,32,256,1900,0,intel-xeon-8375c,0,,2.5429488
r6idn-large,r6idn,r6idn.large,memory,2,16,118,0,intel-xeon-8375c,0,,2.5429488
r6idn-metal,r6idn,r6idn.metal,memory,128,1024,7600,0,intel-xeon-8375c,0,,1.7879024
r6idn-xlarge,r6idn,r6idn.xlarge,memory,4,32,237,0,intel-xeon-8375c,0,,2.5429488
r6in-12xlarge,r6in,r6in.12xlarge,memory,48,384,0,0,intel-xeon-8375c,0,,2.5429488
r6in-16xlarge,r6in,r6in.16xlarge,memory,64,512,0,0,intel-xeon-8375c,0,,2.5429488
r6in-24xlarge,r6in,r6in.24xlarge,memory,96,768,0,0,intel-xeon-8375c,0,,2.5429488
r6in-2xlarge,r6in,r6in.2xlarge,memory,8,64,0,0,intel-xeon-8375c,0,,2.5429488
r6in-32xlarge,r6in,r6in.32xlarge,memory,128,1024,0,0,intel-xeon-8375c,0,,1.7879024
r6in-4xlarge,r6in,r6in.4xlarge,memory,16,128,0,0,intel-xeon-8375c,0,,2.5429488
r6in-8xlarge,r6in,r6in.8xlarge,memory,32,256,0,0,intel-xeon-8375c,0,,2.5429488
r6in-large,r6in,r6in.large,memory,2,16,0,0,intel-xeon-8375c,0,,2.5429488
r6in-metal,r6in,r6in.metal,memory,128,1024,0,0,intel-xeon-8375c,0,,1.7879024
r6in-xlarge,r6in,r6in.xlarge,memory,4,32,0,0,intel-xeon-8375c,0,,2.5429488
r7a-12xlarge,r7a,r7a.12xlarge,memory,48,384,0,0,amd-epyc-9r14,0,,2.1429488
r7a-16xlarge,r7a,r7a.16xlarge,memory,64,512,0,0,amd-epyc-9r14,0,,2.1429488
r7a-24xlarge,r7a,r7a.24xlarge,memory,96,768,0,0,amd-epyc-9r14,0,,2.1429488
r7a-2xlarge,r7a,r7a.2xlarge,memory,8,64,0,0,amd-epyc-9r14,0,,2.1429488
r7a-32xlarge,r7a,r7a.32xlarge,memory,128,1024,0,0,amd-epyc-9r14,0,,1.7879024
r7a-48xlarge,r7a,r7a.48xlarge,memory,192,1536,0,0,amd-epyc-9r14,0,,4.1850384
r7a-4xlarge,r7a,r7a.4xlarge,memory,16,128,0,0,amd-epyc-9r14,0,,2.1429488
r7a-8xlarge,r7a,r7a.8xlarge,memory,32,256,0,0,amd-epyc-9r14,0,,2.1429488
r7a-large,r7a,r7a.large,memory,2,16,0,0,amd-epyc-9r14,0,,2.1429488
r7a-medium,r7a,r7a.medium,memory,1,8,0,0,amd-epyc-9r14,0,,1.6879024
r7a-metal-48xl,r7a,r7a.metal-48xl,memory,192,1536,0,0,amd-epyc-9r14,0,,4.1850384
r7a-xlarge,r7a,r7a.xlarge,memory,4,32,0,0,amd-epyc-9r14,0,,2.1429488
r7g-12xlarge,r7g,r7g.12xlarge,memory,48,384,0,0,aws-graviton-3,0,,1.6879024
r7g-16xlarge,r7g,r7g.16xlarge,memory,64,512,0,0,aws-graviton-3,0,,1.6879024
r7g-2xlarge,r7g,r7g.2xlarge,memory,8,64,0,0,aws-graviton-3,0,,1.6879024
r7g-4xlarge,r7g,r7g.4xlarge,memory,16,128,0,0,aws-graviton-3,0,,1.6879024
r7g-8xlarge,r7g,r7g.8xlarge,memory,32,256,0,0,aws-graviton-3,0,,1.6879024
r7g-large,r7g,r7g.large,memory,2,16,0,0,aws-graviton-3,0,,1.6879024
r7g-medium,r7g,r7g.medium,memory,1,8,0,0,aws-graviton-3,0,,1.6879024
r7g-metal,r7g,r7g.metal,memory,64,512,0,0,aws-graviton-3,0,,1.6879024
r7g-xlarge,r7g,r7g.xlarge,memory,4,32,0,0,aws-graviton-3,0,,1.6879024
r7gd-12xlarge,r7gd,r7gd.12xlarge,memory,48,384,2850,0,aws-graviton-3,0,,1.8879024
r7gd-16xlarge,r7gd,r7gd.16xlarge,memory,64,512,3800,0,aws-graviton-3,0,,1.8879024
r7gd-2xlarge,r7gd,r7gd.2xlarge,memory,8,64,474,0,aws-graviton-3,0,,1.8879024
r7gd-4xlarge,r7gd,r7gd.4xlarge,memory,16,128,950,0,aws-graviton-3,0,,1.8879024
r7gd-8xlarge,r7gd,r7gd.8xlarge,memory,32,256,1900,0,aws-graviton-3,0,,1.8879024
r7gd-large,r7gd,r7gd.large,memory,2,16,118,0,aws-graviton-3,0,,1.8879024
r7gd-medium,r7gd,r7gd.medium,memory,1,8,59,0,aws-graviton-3,0,,1.8879024
r7gd-metal,r7gd,r7gd.metal,memory,64,512,3800,0,aws-graviton-3,0,,1.8879024
r7gd-xlarge,r7gd,r7gd.xlarge,memory,4,32,237,0,aws-graviton-3,0,,1.8879024
r7i-12xlarge,r7i,r7i.12xlarge,memory,48,384,0,0,intel-xeon-8488c,0,,2.1429488
r7i-16xlarge,r7i,r7i.16xlarge,memory,64,512,0,0,intel-xeon-8488c,0,,2.1429488
r7i-24xlarge,r7i,r7i.24xlarge,memory,96,768,0,0,intel-xeon-8488c,0,,2.1429488
r7i-2xlarge,r7i,r7i.2xlarge,memory,8,64,0,0,intel-xeon-8488c,0,,2.1429488
r7i-48xlarge,r7i,r7i.48xlarge,memory,192,1536,0,0,intel-xeon-8488c,0,,4.1850384
r7i-4xlarge,r7i,r7i.4xlarge,memory,16,128,0,0,intel-xeon-8488c,0,,2.1429488
r7i-8xlarge,r7i,r7i.8xlarge,memory,32,256,0,0,intel-xeon-8488c,0,,2.1429488
r7i-large,r7i,r7i.large,memory,2,16,0,0,intel-xeon-8488c,0,,2.1429488
r7i-metal-24xl,r7i,r7i.metal-24xl,memory,96,768,0,0,intel-xeon-8488c,0,,2.1429488
r7i-metal-48xl,r7i,r7i.metal-48xl,memory,192,1536,0,0,intel-xeon-8488c,0,,4.1850384
r7i-xlarge,r7i,r7i.xlarge,memory,4,32,0,0,intel-xeon-8488c,0,,2.1429488
r7iz-12xlarge,r7iz,r7iz.12xlarge,memory,48,384,0,0,intel-xeon-6455b,0,,2.1429488
r7iz-16xlarge,r7iz,r7iz.16xlarge,memory,64,512,0,0,intel-xeon-6455b,0,,2.1429488
r7iz-2xlarge,r7iz,r7iz.2xlarge,memory,8,64,0,0,intel-xeon-6455b,0,,2.1429488
r7iz-32xlarge,r7iz,r7iz.32xlarge,memory,128,1024,0,0,intel-xeon-6455b,0,,1.7879024
r7iz-4xlarge,r7iz,r7iz.4xlarge,memory,16,128,0,0,intel-xeon-6455b,0,,2.1429488
r7iz-8xlarge,r7iz,r7iz.8xlarge,memory,32,256,0,0,intel-xeon-6455b,0,,2.1429488
r7iz-large,r7iz,r7iz.large,memory,2,16,0,0,intel-xeon-6455b,0,,2.1429488
r7iz-metal-16xl,r7iz,r7iz.metal-16xl,memory,64,512,0,0,intel-xeon-6455b,0,,1.6879024
r7iz-metal-32xl,r7iz,r7iz.metal-32xl,memory,128,1024,0,0,intel-xeon-6455b,0,,1.7879024
r7iz-xlarge,r7iz,r7iz.xlarge,memory,4,32,0,0,intel-xeon-6455b,0,,2.1429488
r8g-12xlarge,r8g,r8g.12xlarge,memory,48,384,0,0,aws-graviton-4,0,,1.6879024
r8g-16xlarge,r8g,r8g.16xlarge,memory,64,512,0,0,aws-graviton-4,0,,1.6879024
r8g-24xlarge,r8g,r8g.24xlarge,memory,96,768,0,0,aws-graviton-4,0,,2.1429488
r8g-2xlarge,r8g,r8g.2xlarge,memory,8,64,0,0,aws-graviton-4,0,,1.6879024
r8g-48xlarge,r8g,r8g.48xlarge,memory,192,1536,0,0,aws-graviton-4,0,,4.1850384
r8g-4xlarge,r8g,r8g.4xlarge,memory,16,128,0,0,aws-graviton-4,0,,1.6879024
r8g-8xlarge,r8g,r8g.8xlarge,memory,32,256,0,0,aws-graviton-4,0,,1.6879024
r8g-large,r8g,r8g.large,memory,2,16,0,0,aws-graviton-4,0,,1.6879024
r8g-medium,r8g,r8g.medium,memory,1,8,0,0,aws-graviton-4,0,,1.6879024
r8g-metal-24xl,r8g,r8g.metal-24xl,memory,96,768,0,0,aws-graviton-4,0,,2.1429488
r8g-metal-48xl,r8g,r8g.metal-48xl,memory,192,1536,0,0,aws-graviton-4,0,,4.1850384
r8g-xlarge,r8g,r8g.xlarge,memory,4,32,0,0,aws-graviton-4,0,,1.6879024
t1-micro,t1,t1.micro,general,1,0.613,0,0,intel-xeon-e52670v2,0,,1.2775232
t2-2xlarge,t2,t2.2xlarge,general,8,32,0,0,intel-xeon-e52686v4,0,,1.4772368
t2-large,t2,t2.large,general,2,8,0,0,intel-xeon-e52686v4,0,,1.4772368
t2-medium,t2,t2.medium,general,2,4,0,0,intel-xeon-e52686v4,0,,1.4772368
t2-micro,t2,t2.micro,general,1,1,0,0,intel-xeon-e52686v4,0,,1.4772368
t2-nano,t2,t2.nano,general,1,0.5,0,0,intel-xeon-e52686v4,0,,1.4772368
t2-small,t2,t2.small,general,1,2,0,0,intel-xeon-e52686v4,0,,1.4772368
t2-xlarge,t2,t2.xlarge,general,4,16,0,0,intel-xeon-e52686v4,0,,1.4772368
t3-2xlarge,t3,t3.2xlarge,general,8,32,0,0,intel-xeon-8259cl,0,,1.6103792
t3-large,t3,t3.large,general,2,8,0,0,intel-xeon-8259cl,0,,1.6103792
t3-medium,t3,t3.medium,general,2,4,0,0,intel-xeon-8259cl,0,,1.6103792
t3-micro,t3,t3.micro,general,2,1,0,0,intel-xeon-8259cl,0,,1.6103792
t3-nano,t3,t3.nano,general,2,0.5,0,0,intel-xeon-8259cl,0,,1.6103792
t3-small,t3,t3.small,general,2,2,0,0,intel-xeon-8259cl,0,,1.6103792
t3-xlarge,t3,t3.xlarge,general,4,16,0,0,intel-xeon-8259cl,0,,1.6103792
t3a-2xlarge,t3a,t3a.2xlarge,general,8,32,0,0,amd-epyc-7571,0,,1.6103792
t3a-large,t3a,t3a.large,general,2,8,0,0,amd-epyc-7571,0,,1.6103792
t3a-medium,t3a,t3a.medium,general,2,4,0,0,amd-epyc-7571,0,,1.6103792
t3a-micro,t3a,t3a.micro,general,2,1,0,0,amd-epyc-7571,0,,1.6103792
t3a-nano,t3a,t3a.nano,general,2,0.5,0,0,amd-epyc-7571,0,,1.6103792
t3a-small,t3a,t3a.small,general,2,2,0,0,amd-epyc-7571,0,,1.6103792
t3a-xlarge,t3a,t3a.xlarge,general,4,16,0,0,amd-epyc-7571,0,,1.6103792
t4g-2xlarge,t4g,t4g.2xlarge,general,8,32,0,0,aws-graviton-2,0,,1.332856
t4g-large,t4g,t4g.large,general,2,8,0,0,aws-graviton-2,0,,1.332856
t4g-medium,t4g,t4g.medium,general,2,4,0,0,aws-graviton-2,0,,1.332856
t4g-micro,t4g,t4g.micro,general,2,1,0,0,aws-graviton-2,0,,1.332856
t4g-nano,t4g,t4g.nano,general,2,0.5,0,0,aws-graviton-2,0,,1.332856
t4g-small,t4g,t4g.small,general,2,2,0,0,aws-graviton-2,0,,1.332856
t4g-xlarge,t4g,t4g.xlarge,general,4,16,0,0,aws-graviton-2,0,,1.332856
trn1-2xlarge,trn1,trn1.2xlarge,accelerated,8,32,474,0,intel-xeon-8375c,1,aws-trainium-1,2.632856
trn1-32xlarge,trn1,trn1.32xlarge,accelerated,128,512,7600,0,intel-xeon-8375c,16,aws-trainium-1,1.7879024
trn1n-32xlarge,trn1,trn1n.32xlarge,accelerated,128,512,7600,0,intel-xeon-8375c,16,aws-trainium-1,1.7879024
trn2-48xlarge,trn2,trn2.48xlarge,accelerated,192,2048,7600,0,intel-xeon-8488c,16,aws-trainium-2,4.1850384
trn2u-48xlarge,trn2,trn2u.48xlarge,accelerated,192,2048,7600,0,intel-xeon-8488c,16,aws-trainium-2,4.1850384
u-12tb1-112xlarge,u-1,u-12tb1.112xlarge,memory,448,12288,0,0,intel-xeon-8176m,0,,35.762264
u-12tb1-metal,u-1,u-12tb1.metal,memory,448,12288,0,0,intel-xeon-8176m,0,,35.762264
u-18tb1-112xlarge,u-1,u-18tb1.112xlarge,memory,448,18432,0,0,intel-xeon-8280l,0,,35.762264
u-18tb1-metal,u-1,u-18tb1.metal,memory,448,18432,0,0,intel-xeon-8280l,0,,35.762264
u-24tb1-112xlarge,u-1,u-24tb1.112xlarge,memory,448,24576,0,0,intel-xeon-8280l,0,,35.762264
u-24tb1-metal,u-1,u-24tb1.metal,memory,448,24576,0,0,intel-xeon-8280l,0,,35.762264
u-3tb1-56xlarge,u-1,u-3tb1.56xlarge,memory,224,3072,0,0,intel-xeon-8176m,0,,6.8922672
u-6tb1-112xlarge,u-1,u-6tb1.112xlarge,memory,448,6144,0,0,intel-xeon-8176m,0,,35.762264
u-6tb1-56xlarge,u-1,u-6tb1.56xlarge,memory,224,6144,0,0,intel-xeon-8176m,0,,6.8922672
u-6tb1-metal,u-1,u-6tb1.metal,memory,448,6144,0,0,intel-xeon-8176m,0,,35.762264
u-9tb1-112xlarge,u-1,u-9tb1.112xlarge,memory,448,9216,0,0,intel-xeon-8176m,0,,35.762264
u-9tb1-metal,u-1,u-9tb1.metal,memory,448,9216,0,0,intel-xeon-8176m,0,,35.762264
u7i-12tb-224xlarge,u-1,u7i-12tb.224xlarge,memory,896,12288,0,0,intel-xeon-8477c,0,,35.762264
u7i-6tb-112xlarge,u-1,u7i-6tb.112xlarge,memory,448,6144,0,0,intel-xeon-8477c,0,,35.762264
u7i-8tb-112xlarge,u-1,u7i-8tb.112xlarge,memory,448,8192,0,0,intel-xeon-8477c,0,,35.762264
u7in-16tb-224xlarge,u-1,u7in-16tb.224xlarge,memory,896,16384,0,0,intel-xeon-8477c,0,,35.762264
u7in-24tb-224xlarge,u-1,u7in-24tb.224xlarge,memory,896,24576,0,0,intel-xeon-8477c,0,,35.762264
u7in-32tb-224xlarge,u-1,u7in-32tb.224xlarge,memory,896,32768,0,0,intel-xeon-8477c,0,,35.762264
ultrawarm1-medium,ultrawarm1,ultrawarm1.medium,memory,2,15.25,1500,0,aws-graviton-2,0,,2
ultrawarm1-large,ultrawarm1,ultrawarm1.large,memory,16,122,20000,0,aws-graviton-2,0,,2
vt1-24xlarge,vt1,vt1.24xlarge,encoding,96,192,0,0,intel-xeon-8259cl,8,amd-alveo-u30,1.3440944
vt1-3xlarge,vt1,vt1.3xlarge,encoding,12,24,0,0,intel-xeon-8259cl,1,amd-alveo-u30,1.0221904
vt1-6xlarge,vt1,vt1.6xlarge,encoding,24,48,0,0,intel-xeon-8259cl,2,amd-alveo-u30,1.3440944
x1-16xlarge,x1,x1.16xlarge,memory,64,976,1920,0,intel-xeon-e78880v3,0,,4.1850384
x1-32xlarge,x1,x1.32xlarge,memory,128,1952,3840,0,intel-xeon-e78880v3,0,,4.1850384
x1e-16xlarge,x1,x1e.16xlarge,memory,64,1952,1920,0,intel-xeon-e78880v3,0,,6.8922672
x1e-2xlarge,x1,x1e.2xlarge,memory,8,244,240,0,intel-xeon-e78880v3,0,,6.8922672
x1e-32xlarge,x1,x1e.32xlarge,memory,128,3904,3840,0,intel-xeon-e78880v3,0,,6.8922672
x1e-4xlarge,x1,x1e.4xlarge,memory,16,488,480,0,intel-xeon-e78880v3,0,,6.8922672
x1e-8xlarge,x1,x1e.8xlarge,memory,32,976,960,0,intel-xeon-e78880v3,0,,6.8922672
x1e-xlarge,x1,x1e.xlarge,memory,4,122,120,0,intel-xeon-e78880v3,0,,6.8922672
x2gd-12xlarge,x2gd,x2gd.12xlarge,memory,48,768,2850,0,aws-graviton-2,0,,2.5979952
x2gd-16xlarge,x2gd,x2gd.16xlarge,memory,64,1024,3800,0,aws-graviton-2,0,,2.5979952
x2gd-2xlarge,x2gd,x2gd.2xlarge,memory,8,128,475,0,aws-graviton-2,0,,2.5979952
x2gd-4xlarge,x2gd,x2gd.4xlarge,memory,16,256,950,0,aws-graviton-2,0,,2.5979952
x2gd-8xlarge,x2gd,x2gd.8xlarge,memory,32,512,1900,0,aws-graviton-2,0,,2.5979952
x2gd-large,x2gd,x2gd.large,memory,2,32,118,0,aws-graviton-2,0,,2.5979952
x2gd-medium,x2gd,x2gd.medium,memory,1,16,59,0,aws-graviton-2,0,,2.5979952
x2gd-metal,x2gd,x2gd.metal,memory,64,1024,3800,0,aws-graviton-2,0,,2.5979952
x2gd-xlarge,x2gd,x2gd.xlarge,memory,4,64,237,0,aws-graviton-2,0,,2.5979952
x2idn-16xlarge,x2idn,x2idn.16xlarge,memory,64,1024,1900,0,intel-xeon-8375c,0,,2.5979952
x2idn-24xlarge,x2idn,x2idn.24xlarge,memory,96,1536,2850,0,intel-xeon-8375c,0,,4.6755184
x2idn-32xlarge,x2idn,x2idn.32xlarge,memory,128,2048,3800,0,intel-xeon-8375c,0,,4.1850384
x2idn-metal,x2idn,x2idn.metal,memory,128,2048,3800,0,intel-xeon-8375c,0,,3.9850384
x2iedn-16xlarge,x2iedn,x2iedn.16xlarge,memory,64,2048,1900,0,intel-xeon-8375c,0,,6.8922672
x2iedn-24xlarge,x2iedn,x2iedn.24xlarge,memory,96,3072,2850,0,intel-xeon-8375c,0,,6.8922672
x2iedn-2xlarge,x2iedn,x2iedn.2xlarge,memory,8,256,237,0,intel-xeon-8375c,0,,6.8922672
x2iedn-32xlarge,x2iedn,x2iedn.32xlarge,memory,128,4096,3800,0,intel-xeon-8375c,0,,6.8922672
x2iedn-4xlarge,x2iedn,x2iedn.4xlarge,memory,16,512,475,0,intel-xeon-8375c,0,,6.8922672
x2iedn-8xlarge,x2iedn,x2iedn.8xlarge,memory,32,1024,950,0,intel-xeon-8375c,0,,6.8922672
x2iedn-metal,x2iedn,x2iedn.metal,memory,128,4096,3800,0,intel-xeon-8375c,0,,6.6922672
x2iedn-xlarge,x2iedn,x2iedn.xlarge,memory,4,128,118,0,intel-xeon-8375c,0,,6.8922672
x2iezn-12xlarge,x2iezn,x2iezn.12xlarge,memory,48,1536,0,0,intel-xeon-8252c,0,,6.8922672
x2iezn-2xlarge,x2iezn,x2iezn.2xlarge,memory,8,256,0,0,intel-xeon-8252c,0,,6.8922672
x2iezn-4xlarge,x2iezn,x2iezn.4xlarge,memory,16,512,0,0,intel-xeon-8252c,0,,6.8922672
x2iezn-6xlarge,x2iezn,x2iezn.6xlarge,memory,24,768,0,0,intel-xeon-8252c,0,,6.8922672
x2iezn-8xlarge,x2iezn,x2iezn.8xlarge,memory,32,1024,0,0,intel-xeon-8252c,0,,6.8922672
x2iezn-metal,x2iezn,x2iezn.metal,memory,48,1536,0,0,intel-xeon-8252c,0,,6.6922672
x8g-12xlarge,x8g,x8g.12xlarge,memory,48,768,0,0,aws-graviton-4,0,,2.5979952
x8g-16xlarge,x8g,x8g.16xlarge,memory,64,1024,0,0,aws-graviton-4,0,,2.5979952
x8g-24xlarge,x8g,x8g.24xlarge,memory,96,1536,0,0,aws-graviton-4,0,,4.6755184
x8g-2xlarge,x8g,x8g.2xlarge,memory,8,128,0,0,aws-graviton-4,0,,2.5979952
x8g-48xlarge,x8g,x8g.48xlarge,memory,192,3072,0,0,aws-graviton-4,0,,6.8922672
x8g-4xlarge,x8g,x8g.4xlarge,memory,16,256,0,0,aws-graviton-4,0,,2.5979952
x8g-8xlarge,x8g,x8g.8xlarge,memory,32,512,0,0,aws-graviton-4,0,,2.5979952
x8g-large,x8g,x8g.large,memory,2,32,0,0,aws-graviton-4,0,,2.5979952
x8g-medium,x8g,x8g.medium,memory,1,16,0,0,aws-graviton-4,0,,2.5979952
x8g-metal-24xl,x8g,x8g.metal-24xl,memory,96,1536,0,0,aws-graviton-4,0,,4.6755184
x8g-metal-48xl,x8g,x8g.metal-48xl,memory,192,3072,0,0,aws-graviton-4,0,,6.8922672
x8g-xlarge,x8g,x8g.xlarge,memory,4,64,0,0,aws-graviton-4,0,,2.5979952
z1d-12xlarge,z1d,z1d.12xlarge,memory,48,384,1800,0,intel-xeon-8151,0,,1.8103792
z1d-2xlarge,z1d,z1d.2xlarge,memory,8,64,300,0,intel-xeon-8151,0,,1.8103792
z1d-3xlarge,z1d,z1d.3xlarge,memory,12,96,450,0,intel-xeon-8151,0,,1.8103792
z1d-6xlarge,z1d,z1d.6xlarge,memory,24,192,900,0,intel-xeon-8151,0,,1.8103792
z1d-large,z1d,z1d.large,memory,2,16,75,0,intel-xeon-8151,0,,1.8103792
z1d-metal,z1d,z1d.metal,memory,48,384,1800,0,intel-xeon-8151,0,,1.8103792
z1d-xlarge,z1d,z1d.xlarge,memory,4,32,150,0,intel-xeon-8151,0,,1.8103792
