id,family,name,category,vcpus,memory,ssd,hdd,cpu,accelerators,accelerator
a0,av1,a0,general,1,0.75,0,20,intel-xeon-e5-2660,0,
a1,av1,a1,general,1,1.75,0,40,intel-xeon-e5-2660,0,
a1-v2,av2,a1 v2,general,1,2,0,10,"intel-xeon-8370c,intel-xeon-8272cl,intel-xeon-8171m,intel-xeon-e52673v4,intel-xeon-e52673v3",0,
a2,av1,a2,general,2,3.5,0,60,intel-xeon-e5-2660,0,
a2-v2,av2,a2 v2,general,2,4,0,20,"intel-xeon-8370c,intel-xeon-8272cl,intel-xeon-8171m,intel-xeon-e52673v4,intel-xeon-e52673v3",0,
a2m-v2,av2,a2m v2,general,2,16,0,20,"intel-xeon-8370c,intel-xeon-8272cl,intel-xeon-8171m,intel-xeon-e52673v4,intel-xeon-e52673v3",0,
a3,av1,a3,general,4,7,0,120,intel-xeon-e5-2660,0,
a4,av1,a4,general,8,14,0,240,intel-xeon-e5-2660,0,
a4-v2,av2,a4 v2,general,4,8,0,40,"intel-xeon-8370c,intel-xeon-8272cl,intel-xeon-8171m,intel-xeon-e52673v4,intel-xeon-e52673v3",0,
a4m-v2,av2,a4m v2,general,4,32,0,40,"intel-xeon-8370c,intel-xeon-8272cl,intel-xeon-8171m,intel-xeon-e52673v4,intel-xeon-e52673v3",0,
a5,av1,a5,general,2,14,0,135,intel-xeon-e5-2660,0,
a6,av1,a6,general,4,28,0,285,intel-xeon-e5-2660,0,
a7,av1,a7,general,8,56,0,605,intel-xeon-e5-2660,0,
a8-v2,av2,a8 v2,general,8,16,0,80,"intel-xeon-8370c,intel-xeon-8272cl,intel-xeon-8171m,intel-xeon-e52673v4,intel-xeon-e52673v3",0,
a8m-v2,av2,a8m v2,general,8,64,0,80,"intel-xeon-8370c,intel-xeon-8272cl,intel-xeon-8171m,intel-xeon-e52673v4,intel-xeon-e52673v3",0,
b12ms,bv1,b12ms,general,12,48,96,0,"intel-xeon-8370c,intel-xeon-8272cl,intel-xeon-8171m,intel-xeon-e52673v4,intel-xeon-e52673v3",0,
b16als-v2,basv2,b16als v2,general,16,32,0,0,amd-epyc-7763v,0,
b16as-v2,basv2,b16as v2,general,16,64,0,0,amd-epyc-7763v,0,
b16ls-v2,bsv2,b16ls v2,general,16,32,0,0,"intel-xeon-8473c,intel-xeon-8370c",0,
b16ms,bv1,b16ms,general,16,64,128,0,"intel-xeon-8370c,intel-xeon-8272cl,intel-xeon-8171m,intel-xeon-e52673v4,intel-xeon-e52673v3",0,
b16pls-v2,bpsv2,b16pls v2,general,16,32,0,0,ampere-altra-q8030,0,
b16ps-v2,bpsv2,b16ps v2,general,16,64,0,0,ampere-altra-q8030,0,
b16s-v2,bsv2,b16s v2,general,16,64,0,0,"intel-xeon-8473c,intel-xeon-8370c",0,
b1ls,bv1,b1ls,general,1,0.5,4,0,"intel-xeon-8370c,intel-xeon-8272cl,intel-xeon-8171m,intel-xeon-e52673v4,intel-xeon-e52673v3",0,
b1ms,bv1,b1ms,general,1,2,4,0,"intel-xeon-8370c,intel-xeon-8272cl,intel-xeon-8171m,intel-xeon-e52673v4,intel-xeon-e52673v3",0,
b1s,bv1,b1s,general,1,1,4,0,"intel-xeon-8370c,intel-xeon-8272cl,intel-xeon-8171m,intel-xeon-e52673v4,intel-xeon-e52673v3",0,
b20ms,bv1,b20ms,general,20,80,160,0,"intel-xeon-8370c,intel-xeon-8272cl,intel-xeon-8171m,intel-xeon-e52673v4,intel-xeon-e52673v3",0,
b2als-v2,basv2,b2als v2,general,2,4,0,0,amd-epyc-7763v,0,
b2as-v2,basv2,b2as v2,general,2,8,0,0,amd-epyc-7763v,0,
b2ats-v2,basv2,b2ats v2,general,2,1,0,0,amd-epyc-7763v,0,
b2ls-v2,bsv2,b2ls v2,general,2,4,0,0,"intel-xeon-8473c,intel-xeon-8370c",0,
b2ms,bv1,b2ms,general,2,8,16,0,"intel-xeon-8370c,intel-xeon-8272cl,intel-xeon-8171m,intel-xeon-e52673v4,intel-xeon-e52673v3",0,
b2pls-v2,bpsv2,b2pls v2,general,2,4,0,0,ampere-altra-q8030,0,
b2ps-v2,bpsv2,b2ps v2,general,2,8,0,0,ampere-altra-q8030,0,
b2pts-v2,bpsv2,b2pts v2,general,2,1,0,0,ampere-altra-q8030,0,
b2s,bv1,b2s,general,2,4,8,0,"intel-xeon-8370c,intel-xeon-8272cl,intel-xeon-8171m,intel-xeon-e52673v4,intel-xeon-e52673v3",0,
b2s-v2,bsv2,b2s v2,general,2,8,0,0,"intel-xeon-8473c,intel-xeon-8370c",0,
b2ts-v2,bsv2,b2ts v2,general,2,1,0,0,"intel-xeon-8473c,intel-xeon-8370c",0,
b32als-v2,basv2,b32als v2,general,32,64,0,0,amd-epyc-7763v,0,
b32as-v2,basv2,b32as v2,general,32,128,0,0,amd-epyc-7763v,0,
b32ls-v2,bsv2,b32ls v2,general,32,64,0,0,"intel-xeon-8473c,intel-xeon-8370c",0,
b32s-v2,bsv2,b32s v2,general,32,128,0,0,"intel-xeon-8473c,intel-xeon-8370c",0,
b4als-v2,basv2,b4als v2,general,4,8,0,0,amd-epyc-7763v,0,
b4as-v2,basv2,b4as v2,general,4,16,0,0,amd-epyc-7763v,0,
b4ls-v2,bsv2,b4ls v2,general,4,8,0,0,"intel-xeon-8473c,intel-xeon-8370c",0,
b4ms,bv1,b4ms,general,4,16,32,0,"intel-xeon-8370c,intel-xeon-8272cl,intel-xeon-8171m,intel-xeon-e52673v4,intel-xeon-e52673v3",0,
b4pls-v2,bpsv2,b4pls v2,general,4,8,0,0,ampere-altra-q8030,0,
b4ps-v2,bpsv2,b4ps v2,general,4,16,0,0,ampere-altra-q8030,0,
b4s-v2,bsv2,b4s v2,general,4,16,0,0,"intel-xeon-8473c,intel-xeon-8370c",0,
b8als-v2,basv2,b8als v2,general,8,16,0,0,amd-epyc-7763v,0,
b8as-v2,basv2,b8as v2,general,8,32,0,0,amd-epyc-7763v,0,
b8ls-v2,bsv2,b8ls v2,general,8,16,0,0,"intel-xeon-8473c,intel-xeon-8370c",0,
b8ms,bv1,b8ms,general,8,32,64,0,"intel-xeon-8370c,intel-xeon-8272cl,intel-xeon-8171m,intel-xeon-e52673v4,intel-xeon-e52673v3",0,
b8pls-v2,bpsv2,b8pls v2,general,8,16,0,0,ampere-altra-q8030,0,
b8ps-v2,bpsv2,b8ps v2,general,8,32,0,0,ampere-altra-q8030,0,
b8s-v2,bsv2,b8s v2,general,8,32,0,0,"intel-xeon-8473c,intel-xeon-8370c",0,
d1,dv1,d1,general,1,3.5,50,0,intel-xeon-8272cl,0,
d1-v2,dv2,d1 v2,general,1,3.5,50,0,"intel-xeon-8370c,intel-xeon-8272cl,intel-xeon-8171m,intel-xeon-e52673v4,intel-xeon-e52673v3",0,
d11,dv1,d11,general,2,14,100,0,intel-xeon-8171m,0,
d11-v2,dv2-11-15,d11 v2,general,2,14,100,0,"intel-xeon-8370c,intel-xeon-8272cl,intel-xeon-8171m,intel-xeon-e52673v4,intel-xeon-e52673v3",0,
d11s,dsv1,d11s,general,2,14,28,0,intel-xeon-8171m,0,
d12,dv1,d12,general,4,28,200,0,intel-xeon-8171m,0,
d12-v2,dv2-11-15,d12 v2,general,4,28,200,0,"intel-xeon-8370c,intel-xeon-8272cl,intel-xeon-8171m,intel-xeon-e52673v4,intel-xeon-e52673v3",0,
d128ds-v6,ddsv6,d128ds v6,general,128,512,7040,0,intel-xeon-8573c,0,
d128lds-v6,dldsv6,d128lds v6,general,128,256,7040,0,intel-xeon-8573c,0,
d128ls-v6,dlsv6,d128ls v6,general,128,256,0,0,intel-xeon-8573c,0,
d128s-v6,dsv6,d128s v6,general,128,512,0,0,intel-xeon-8573c,0,
d12s,dsv1,d12s,general,4,28,56,0,intel-xeon-8171m,0,
d13,dv1,d13,general,8,56,400,0,intel-xeon-8272cl,0,
d13-v2,dv2-11-15,d13 v2,general,8,56,400,0,"intel-xeon-8370c,intel-xeon-8272cl,intel-xeon-8171m,intel-xeon-e52673v4,intel-xeon-e52673v3",0,
d13s,dsv1,d13s,general,8,56,112,0,intel-xeon-8272cl,0,
d14,dv1,d14,general,16,112,800,0,intel-xeon-8171m,0,
d14-v2,dv2-11-15,d14 v2,general,16,112,800,0,"intel-xeon-8370c,intel-xeon-8272cl,intel-xeon-8171m,intel-xeon-e52673v4,intel-xeon-e52673v3",0,
d14s,dsv1,d14s,general,16,112,224,0,intel-xeon-8272cl,0,
d15-v2,dv2-11-15,d15 v2,general,20,140,1000,0,"intel-xeon-8370c,intel-xeon-8272cl,intel-xeon-8171m,intel-xeon-e52673v4,intel-xeon-e52673v3",0,
d16-v3,dv3,d16 v3,general,16,64,400,0,"intel-xeon-8370c,intel-xeon-8272cl,intel-xeon-8171m,intel-xeon-e52673v4,intel-xeon-e52673v3",0,
d16-v4,dv4,d16 v4,general,16,64,0,0,"intel-xeon-8370c,intel-xeon-8272cl,intel-xeon-8473c",0,
d16-v5,dv5,d16 v5,general,16,64,0,0,"intel-xeon-8473c,intel-xeon-8370c",0,
d16a-v4,dav4,d16a v4,general,16,64,400,0,"amd-epyc-7452,amd-epyc-7763v",0,
d16ads-v5,dadsv5,d16ads v5,general,16,64,600,0,amd-epyc-7763v,0,
d16ads-v6,dadsv6,d16ads v6,general,16,64,880,0,amd-epyc-9004,0,
d16alds-v6,daldsv6,d16alds v6,general,16,32,880,0,amd-epyc-9004,0,
d16als-v6,dalsv6,d16als v6,general,16,32,0,0,amd-epyc-9004,0,
d16as-v4,dasv4,d16as v4,general,16,64,128,0,"amd-epyc-7452,amd-epyc-7763v",0,
d16as-v5,dasv5,d16as v5,general,16,64,0,0,amd-epyc-7763v,0,
d16as-v6,dasv6,d16as v6,general,16,64,0,0,amd-epyc-9004,0,
d16d-v4,ddv4,d16d v4,general,16,64,600,0,"intel-xeon-8370c,intel-xeon-8272cl",0,
d16d-v5,ddv5,d16d v5,general,16,64,600,0,intel-xeon-8370c,0,
d16ds-v4,ddsv4,d16ds v4,general,16,64,600,0,"intel-xeon-8370c,intel-xeon-8272cl",0,
d16ds-v5,ddsv5,d16ds v5,general,16,64,600,0,intel-xeon-8370c,0,
d16ds-v6,ddsv6,d16ds v6,general,16,64,880,0,intel-xeon-8573c,0,
d16lds-v5,dldsv5,d16lds v5,general,16,32,600,0,"intel-xeon-8473c,intel-xeon-8370c",0,
d16lds-v6,dldsv6,d16lds v6,general,16,32,880,0,intel-xeon-8573c,0,
d16ls-v5,dlsv5,d16ls v5,general,16,32,0,0,"intel-xeon-8473c,intel-xeon-8370c",0,
d16ls-v6,dlsv6,d16ls v6,general,16,32,0,0,intel-xeon-8573c,0,
d16pds-v5,dpdsv5,d16pds v5,general,16,64,600,0,ampere-altra-q8030,0,
d16pds-v6,dpdsv6,d16pds v6,general,16,64,880,0,azure-cobalt-100,0,
d16plds-v5,dpldsv5,d16plds v5,general,16,32,600,0,ampere-altra-q8030,0,
d16plds-v6,dpldsv6,d16plds v6,general,16,32,880,0,azure-cobalt-100,0,
d16pls-v5,dplsv5,d16pls v5,general,16,32,0,0,ampere-altra-q8030,0,
d16pls-v6,dplsv6,d16pls v6,general,16,32,0,0,azure-cobalt-100,0,
d16ps-v5,dpsv5,d16ps v5,general,16,64,0,0,ampere-altra-q8030,0,
d16ps-v6,dpsv6,d16ps v6,general,16,64,0,0,azure-cobalt-100,0,
d16s-v3,dsv3,d16s v3,general,16,64,128,0,"intel-xeon-8370c,intel-xeon-8272cl,intel-xeon-8171m,intel-xeon-e52673v4,intel-xeon-e52673v3",0,
d16s-v4,dsv4,d16s v4,general,16,64,0,0,"intel-xeon-8473c,intel-xeon-8370c,intel-xeon-8272cl",0,
d16s-v5,dsv5,d16s v5,general,16,64,0,0,"intel-xeon-8473c,intel-xeon-8370c",0,
d16s-v6,dsv6,d16s v6,general,16,64,0,0,intel-xeon-8573c,0,
d1s,dsv1,d1s,general,1,3.5,7,0,intel-xeon-8272cl,0,
d2,dv1,d2,general,2,7,100,0,intel-xeon-8272cl,0,
d2-v2,dv2,d2 v2,general,2,7,100,0,"intel-xeon-8370c,intel-xeon-8272cl,intel-xeon-8171m,intel-xeon-e52673v4,intel-xeon-e52673v3",0,
d2-v3,dv3,d2 v3,general,2,8,50,0,"intel-xeon-8370c,intel-xeon-8272cl,intel-xeon-8171m,intel-xeon-e52673v4,intel-xeon-e52673v3",0,
d2-v4,dv4,d2 v4,general,2,8,0,0,"intel-xeon-8370c,intel-xeon-8272cl,intel-xeon-8473c",0,
d2-v5,dv5,d2 v5,general,2,8,0,0,"intel-xeon-8473c,intel-xeon-8370c",0,
d2a-v4,dav4,d2a v4,general,2,8,50,0,"amd-epyc-7452,amd-epyc-7763v",0,
d2ads-v5,dadsv5,d2ads v5,general,2,8,75,0,amd-epyc-7763v,0,
d2ads-v6,dadsv6,d2ads v6,general,2,8,110,0,amd-epyc-9004,0,
d2alds-v6,daldsv6,d2alds v6,general,2,4,110,0,amd-epyc-9004,0,
d2als-v6,dalsv6,d2als v6,general,2,4,0,0,amd-epyc-9004,0,
d2as-v4,dasv4,d2as v4,general,2,8,16,0,"amd-epyc-7452,amd-epyc-7763v",0,
d2as-v5,dasv5,d2as v5,general,2,8,0,0,amd-epyc-7763v,0,
d2as-v6,dasv6,d2as v6,general,2,8,0,0,amd-epyc-9004,0,
d2d-v4,ddv4,d2d v4,general,2,8,75,0,"intel-xeon-8370c,intel-xeon-8272cl",0,
d2d-v5,ddv5,d2d v5,general,2,8,75,0,intel-xeon-8370c,0,
d2ds-v4,ddsv4,d2ds v4,general,2,8,75,0,"intel-xeon-8370c,intel-xeon-8272cl",0,
d2ds-v5,ddsv5,d2ds v5,general,2,8,75,0,intel-xeon-8370c,0,
d2ds-v6,ddsv6,d2ds v6,general,2,8,110,0,intel-xeon-8573c,0,
d2lds-v5,dldsv5,d2lds v5,general,2,4,75,0,"intel-xeon-8473c,intel-xeon-8370c",0,
d2lds-v6,dldsv6,d2lds v6,general,2,4,110,0,intel-xeon-8573c,0,
d2ls-v5,dlsv5,d2ls v5,general,2,4,0,0,"intel-xeon-8473c,intel-xeon-8370c",0,
d2ls-v6,dlsv6,d2ls v6,general,2,4,0,0,intel-xeon-8573c,0,
d2pds-v5,dpdsv5,d2pds v5,general,2,8,75,0,ampere-altra-q8030,0,
d2pds-v6,dpdsv6,d2pds v6,general,2,8,110,0,azure-cobalt-100,0,
d2plds-v5,dpldsv5,d2plds v5,general,2,4,75,0,ampere-altra-q8030,0,
d2plds-v6,dpldsv6,d2plds v6,general,2,4,110,0,azure-cobalt-100,0,
d2pls-v5,dplsv5,d2pls v5,general,2,4,0,0,ampere-altra-q8030,0,
d2pls-v6,dplsv6,d2pls v6,general,2,4,0,0,azure-cobalt-100,0,
d2ps-v5,dpsv5,d2ps v5,general,2,8,0,0,ampere-altra-q8030,0,
d2ps-v6,dpsv6,d2ps v6,general,2,8,0,0,azure-cobalt-100,0,
d2s,dsv1,d2s,general,2,7,14,0,intel-xeon-8272cl,0,
d2s-v3,dsv3,d2s v3,general,2,8,16,0,"intel-xeon-8370c,intel-xeon-8272cl,intel-xeon-8171m,intel-xeon-e52673v4,intel-xeon-e52673v3",0,
d2s-v4,dsv4,d2s v4,general,2,8,0,0,"intel-xeon-8473c,intel-xeon-8370c,intel-xeon-8272cl",0,
d2s-v5,dsv5,d2s v5,general,2,8,0,0,"intel-xeon-8473c,intel-xeon-8370c",0,
d2s-v6,dsv6,d2s v6,general,2,8,0,0,intel-xeon-8573c,0,
d3,dv1,d3,general,4,14,200,0,intel-xeon-8171m,0,
d3-v2,dv2,d3 v2,general,4,14,200,0,"intel-xeon-8370c,intel-xeon-8272cl,intel-xeon-8171m,intel-xeon-e52673v4,intel-xeon-e52673v3",0,
d32-v3,dv3,d32 v3,general,32,128,800,0,"intel-xeon-8370c,intel-xeon-8272cl,intel-xeon-8171m,intel-xeon-e52673v4,intel-xeon-e52673v3",0,
d32-v4,dv4,d32 v4,general,32,128,0,0,"intel-xeon-8370c,intel-xeon-8272cl,intel-xeon-8473c",0,
d32-v5,dv5,d32 v5,general,32,128,0,0,"intel-xeon-8473c,intel-xeon-8370c",0,
d32a-v4,dav4,d32a v4,general,32,128,800,0,"amd-epyc-7452,amd-epyc-7763v",0,
d32ads-v5,dadsv5,d32ads v5,general,32,128,1200,0,amd-epyc-7763v,0,
d32ads-v6,dadsv6,d32ads v6,general,32,128,1760,0,amd-epyc-9004,0,
d32alds-v6,daldsv6,d32alds v6,general,32,64,1760,0,amd-epyc-9004,0,
d32als-v6,dalsv6,d32als v6,general,32,64,0,0,amd-epyc-9004,0,
d32as-v4,dasv4,d32as v4,general,32,128,256,0,"amd-epyc-7452,amd-epyc-7763v",0,
d32as-v5,dasv5,d32as v5,general,32,128,0,0,amd-epyc-7763v,0,
d32as-v6,dasv6,d32as v6,general,32,128,0,0,amd-epyc-9004,0,
d32d-v4,ddv4,d32d v4,general,32,128,1200,0,"intel-xeon-8370c,intel-xeon-8272cl",0,
d32d-v5,ddv5,d32d v5,general,32,128,1200,0,intel-xeon-8370c,0,
d32ds-v4,ddsv4,d32ds v4,general,32,128,1200,0,"intel-xeon-8370c,intel-xeon-8272cl",0,
d32ds-v5,ddsv5,d32ds v5,general,32,128,1200,0,intel-xeon-8370c,0,
d32ds-v6,ddsv6,d32ds v6,general,32,128,1760,0,intel-xeon-8573c,0,
d32lds-v5,dldsv5,d32lds v5,general,32,64,1200,0,"intel-xeon-8473c,intel-xeon-8370c",0,
d32lds-v6,dldsv6,d32lds v6,general,32,64,1760,0,intel-xeon-8573c,0,
d32ls-v5,dlsv5,d32ls v5,general,32,64,0,0,"intel-xeon-8473c,intel-xeon-8370c",0,
d32ls-v6,dlsv6,d32ls v6,general,32,64,0,0,intel-xeon-8573c,0,
d32pds-v5,dpdsv5,d32pds v5,general,32,128,1200,0,ampere-altra-q8030,0,
d32pds-v6,dpdsv6,d32pds v6,general,32,128,1760,0,azure-cobalt-100,0,
d32plds-v5,dpldsv5,d32plds v5,general,32,64,1200,0,ampere-altra-q8030,0,
d32plds-v6,dpldsv6,d32plds v6,general,32,64,1760,0,azure-cobalt-100,0,
d32pls-v5,dplsv5,d32pls v5,general,32,64,0,0,ampere-altra-q8030,0,
d32pls-v6,dplsv6,d32pls v6,general,32,64,0,0,azure-cobalt-100,0,
d32ps-v5,dpsv5,d32ps v5,general,32,128,0,0,ampere-altra-q8030,0,
d32ps-v6,dpsv6,d32ps v6,general,32,128,0,0,azure-cobalt-100,0,
d32s-v3,dsv3,d32s v3,general,32,128,256,0,"intel-xeon-8370c,intel-xeon-8272cl,intel-xeon-8171m,intel-xeon-e52673v4,intel-xeon-e52673v3",0,
d32s-v4,dsv4,d32s v4,general,32,128,0,0,"intel-xeon-8473c,intel-xeon-8370c,intel-xeon-8272cl",0,
d32s-v5,dsv5,d32s v5,general,32,128,0,0,"intel-xeon-8473c,intel-xeon-8370c",0,
d32s-v6,dsv6,d32s v6,general,32,128,0,0,intel-xeon-8573c,0,
d3s,dsv1,d3s,general,4,14,28,0,intel-xeon-8171m,0,
d4,dv1,d4,general,8,28,400,0,intel-xeon-8272cl,0,
d4-v2,dv2,d4 v2,general,8,28,400,0,"intel-xeon-8370c,intel-xeon-8272cl,intel-xeon-8171m,intel-xeon-e52673v4,intel-xeon-e52673v3",0,
d4-v3,dv3,d4 v3,general,4,16,100,0,"intel-xeon-8370c,intel-xeon-8272cl,intel-xeon-8171m,intel-xeon-e52673v4,intel-xeon-e52673v3",0,
d4-v4,dv4,d4 v4,general,4,16,0,0,"intel-xeon-8370c,intel-xeon-8272cl,intel-xeon-8473c",0,
d4-v5,dv5,d4 v5,general,4,16,0,0,"intel-xeon-8473c,intel-xeon-8370c",0,
d48-v3,dv3,d48 v3,general,48,192,1200,0,"intel-xeon-8370c,intel-xeon-8272cl,intel-xeon-8171m,intel-xeon-e52673v4,intel-xeon-e52673v3",0,
d48-v4,dv4,d48 v4,general,48,192,0,0,"intel-xeon-8370c,intel-xeon-8272cl,intel-xeon-8473c",0,
d48-v5,dv5,d48 v5,general,48,192,0,0,"intel-xeon-8473c,intel-xeon-8370c",0,
d48a-v4,dav4,d48a v4,general,48,192,1200,0,"amd-epyc-7452,amd-epyc-7763v",0,
d48ads-v5,dadsv5,d48ads v5,general,48,192,1800,0,amd-epyc-7763v,0,
d48ads-v6,dadsv6,d48ads v6,general,48,192,2640,0,amd-epyc-9004,0,
d48alds-v6,daldsv6,d48alds v6,general,48,96,2640,0,amd-epyc-9004,0,
d48als-v6,dalsv6,d48als v6,general,48,96,0,0,amd-epyc-9004,0,
d48as-v4,dasv4,d48as v4,general,48,192,384,0,"amd-epyc-7452,amd-epyc-7763v",0,
d48as-v5,dasv5,d48as v5,general,48,192,0,0,amd-epyc-7763v,0,
d48as-v6,dasv6,d48as v6,general,48,192,0,0,amd-epyc-9004,0,
d48d-v4,ddv4,d48d v4,general,48,192,1800,0,"intel-xeon-8370c,intel-xeon-8272cl",0,
d48d-v5,ddv5,d48d v5,general,48,192,1800,0,intel-xeon-8370c,0,
d48ds-v4,ddsv4,d48ds v4,general,48,192,1800,0,"intel-xeon-8370c,intel-xeon-8272cl",0,
d48ds-v5,ddsv5,d48ds v5,general,48,192,1800,0,intel-xeon-8370c,0,
d48ds-v6,ddsv6,d48ds v6,general,48,192,2640,0,intel-xeon-8573c,0,
d48lds-v5,dldsv5,d48lds v5,general,48,96,1800,0,"intel-xeon-8473c,intel-xeon-8370c",0,
d48lds-v6,dldsv6,d48lds v6,general,48,96,2640,0,intel-xeon-8573c,0,
d48ls-v5,dlsv5,d48ls v5,general,48,96,0,0,"intel-xeon-8473c,intel-xeon-8370c",0,
d48ls-v6,dlsv6,d48ls v6,general,48,96,0,0,intel-xeon-8573c,0,
d48pds-v5,dpdsv5,d48pds v5,general,48,192,1800,0,ampere-altra-q8030,0,
d48pds-v6,dpdsv6,d48pds v6,general,48,192,2640,0,azure-cobalt-100,0,
d48plds-v5,dpldsv5,d48plds v5,general,48,96,1800,0,ampere-altra-q8030,0,
d48plds-v6,dpldsv6,d48plds v6,general,48,96,2640,0,azure-cobalt-100,0,
d48pls-v5,dplsv5,d48pls v5,general,48,96,0,0,ampere-altra-q8030,0,
d48pls-v6,dplsv6,d48pls v6,general,48,96,0,0,azure-cobalt-100,0,
d48ps-v5,dpsv5,d48ps v5,general,48,192,0,0,ampere-altra-q8030,0,
d48ps-v6,dpsv6,d48ps v6,general,48,192,0,0,azure-cobalt-100,0,
d48s-v3,dsv3,d48s v3,general,48,192,384,0,"intel-xeon-8370c,intel-xeon-8272cl,intel-xeon-8171m,intel-xeon-e52673v4,intel-xeon-e52673v3",0,
d48s-v4,dsv4,d48s v4,general,48,192,0,0,"intel-xeon-8473c,intel-xeon-8370c,intel-xeon-8272cl",0,
d48s-v5,dsv5,d48s v5,general,48,192,0,0,"intel-xeon-8473c,intel-xeon-8370c",0,
d48s-v6,dsv6,d48s v6,general,48,192,0,0,intel-xeon-8573c,0,
d4a-v4,dav4,d4a v4,general,4,16,100,0,"amd-epyc-7452,amd-epyc-7763v",0,
d4ads-v5,dadsv5,d4ads v5,general,4,16,150,0,amd-epyc-7763v,0,
d4ads-v6,dadsv6,d4ads v6,general,4,16,220,0,amd-epyc-9004,0,
d4alds-v6,daldsv6,d4alds v6,general,4,8,220,0,amd-epyc-9004,0,
d4als-v6,dalsv6,d4als v6,general,4,8,0,0,amd-epyc-9004,0,
d4as-v4,dasv4,d4as v4,general,4,16,32,0,"amd-epyc-7452,amd-epyc-7763v",0,
d4as-v5,dasv5,d4as v5,general,4,16,0,0,amd-epyc-7763v,0,
d4as-v6,dasv6,d4as v6,general,4,16,0,0,amd-epyc-9004,0,
d4d-v4,ddv4,d4d v4,general,4,16,150,0,"intel-xeon-8370c,intel-xeon-8272cl",0,
d4d-v5,ddv5,d4d v5,general,4,16,150,0,intel-xeon-8370c,0,
d4ds-v4,ddsv4,d4ds v4,general,4,16,150,0,"intel-xeon-8370c,intel-xeon-8272cl",0,
d4ds-v5,ddsv5,d4ds v5,general,4,16,150,0,intel-xeon-8370c,0,
d4ds-v6,ddsv6,d4ds v6,general,4,16,220,0,intel-xeon-8573c,0,
d4lds-v5,dldsv5,d4lds v5,general,4,8,150,0,"intel-xeon-8473c,intel-xeon-8370c",0,
d4lds-v6,dldsv6,d4lds v6,general,4,8,220,0,intel-xeon-8573c,0,
d4ls-v5,dlsv5,d4ls v5,general,4,8,0,0,"intel-xeon-8473c,intel-xeon-8370c",0,
d4ls-v6,dlsv6,d4ls v6,general,4,8,0,0,intel-xeon-8573c,0,
d4pds-v5,dpdsv5,d4pds v5,general,4,16,150,0,ampere-altra-q8030,0,
d4pds-v6,dpdsv6,d4pds v6,general,4,16,220,0,azure-cobalt-100,0,
d4plds-v5,dpldsv5,d4plds v5,general,4,8,150,0,ampere-altra-q8030,0,
d4plds-v6,dpldsv6,d4plds v6,general,4,8,220,0,azure-cobalt-100,0,
d4pls-v5,dplsv5,d4pls v5,general,4,8,0,0,ampere-altra-q8030,0,
d4pls-v6,dplsv6,d4pls v6,general,4,8,0,0,azure-cobalt-100,0,
d4ps-v5,dpsv5,d4ps v5,general,4,16,0,0,ampere-altra-q8030,0,
d4ps-v6,dpsv6,d4ps v6,general,4,16,0,0,azure-cobalt-100,0,
d4s,dsv1,d4s,general,8,28,56,0,intel-xeon-8272cl,0,
d4s-v3,dsv3,d4s v3,general,4,16,32,0,"intel-xeon-8370c,intel-xeon-8272cl,intel-xeon-8171m,intel-xeon-e52673v4,intel-xeon-e52673v3",0,
d4s-v4,dsv4,d4s v4,general,4,16,0,0,"intel-xeon-8473c,intel-xeon-8370c,intel-xeon-8272cl",0,
d4s-v5,dsv5,d4s v5,general,4,16,0,0,"intel-xeon-8473c,intel-xeon-8370c",0,
d4s-v6,dsv6,d4s v6,general,4,16,0,0,intel-xeon-8573c,0,
d5-v2,dv2,d5 v2,general,16,56,800,0,"intel-xeon-8370c,intel-xeon-8272cl,intel-xeon-8171m,intel-xeon-e52673v4,intel-xeon-e52673v3",0,
d64-v3,dv3,d64 v3,general,64,256,1600,0,"intel-xeon-8370c,intel-xeon-8272cl,intel-xeon-8171m,intel-xeon-e52673v4,intel-xeon-e52673v3",0,
d64-v4,dv4,d64 v4,general,64,256,0,0,"intel-xeon-8370c,intel-xeon-8272cl,intel-xeon-8473c",0,
d64-v5,dsv5,d64 v5,general,64,256,0,0,"intel-xeon-8473c,intel-xeon-8370c",0,
d64a-v4,dav4,d64a v4,general,64,256,1600,0,"amd-epyc-7452,amd-epyc-7763v",0,
d64ads-v5,dadsv5,d64ads v5,general,64,256,2400,0,amd-epyc-7763v,0,
d64ads-v6,dadsv6,d64ads v6,general,64,256,3520,0,amd-epyc-9004,0,
d64alds-v6,daldsv6,d64alds v6,general,64,128,3520,0,amd-epyc-9004,0,
d64als-v6,dalsv6,d64als v6,general,64,128,0,0,amd-epyc-9004,0,
d64as-v4,dasv4,d64as v4,general,64,256,512,0,"amd-epyc-7452,amd-epyc-7763v",0,
d64as-v5,dasv5,d64as v5,general,64,256,0,0,amd-epyc-7763v,0,
d64as-v6,dasv6,d64as v6,general,64,256,0,0,amd-epyc-9004,0,
d64d-v4,ddv4,d64d v4,general,64,256,2400,0,"intel-xeon-8370c,intel-xeon-8272cl",0,
d64d-v5,ddv5,d64d v5,general,64,256,2400,0,intel-xeon-8370c,0,
d64ds-v4,ddsv4,d64ds v4,general,64,256,2400,0,"intel-xeon-8370c,intel-xeon-8272cl",0,
d64ds-v5,ddsv5,d64ds v5,general,64,256,2400,0,intel-xeon-8370c,0,
d64ds-v6,ddsv6,d64ds v6,general,64,256,3520,0,intel-xeon-8573c,0,
d64lds-v5,dldsv5,d64lds v5,general,64,128,2400,0,"intel-xeon-8473c,intel-xeon-8370c",0,
d64lds-v6,dldsv6,d64lds v6,general,64,128,3520,0,intel-xeon-8573c,0,
d64ls-v5,dlsv5,d64ls v5,general,64,128,0,0,"intel-xeon-8473c,intel-xeon-8370c",0,
d64ls-v6,dlsv6,d64ls v6,general,64,128,0,0,intel-xeon-8573c,0,
d64pds-v5,dpdsv5,d64pds v5,general,64,208,2400,0,ampere-altra-q8030,0,
d64pds-v6,dpdsv6,d64pds v6,general,64,256,3520,0,azure-cobalt-100,0,
d64plds-v5,dpldsv5,d64plds v5,general,64,128,2400,0,ampere-altra-q8030,0,
d64plds-v6,dpldsv6,d64plds v6,general,64,128,3520,0,azure-cobalt-100,0,
d64pls-v5,dplsv5,d64pls v5,general,64,128,0,0,ampere-altra-q8030,0,
d64pls-v6,dplsv6,d64pls v6,general,64,128,0,0,azure-cobalt-100,0,
d64ps-v5,dpsv5,d64ps v5,general,64,208,0,0,ampere-altra-q8030,0,
d64ps-v6,dpsv6,d64ps v6,general,64,256,0,0,azure-cobalt-100,0,
d64s-v3,dsv3,d64s v3,general,64,256,512,0,"intel-xeon-8370c,intel-xeon-8272cl,intel-xeon-8171m,intel-xeon-e52673v4,intel-xeon-e52673v3",0,
d64s-v4,dsv4,d64s v4,general,64,256,0,0,"intel-xeon-8473c,intel-xeon-8370c,intel-xeon-8272cl",0,
d64s-v5,dsv5,d64s v5,general,64,256,0,0,"intel-xeon-8473c,intel-xeon-8370c",0,
d64s-v6,dsv6,d64s v6,general,64,256,0,0,intel-xeon-8573c,0,
d8-v3,dv3,d8 v3,general,8,32,200,0,"intel-xeon-8370c,intel-xeon-8272cl,intel-xeon-8171m,intel-xeon-e52673v4,intel-xeon-e52673v3",0,
d8-v4,dv4,d8 v4,general,8,32,0,0,"intel-xeon-8370c,intel-xeon-8272cl,intel-xeon-8473c",0,
d8-v5,dv5,d8 v5,general,8,32,0,0,"intel-xeon-8473c,intel-xeon-8370c",0,
d8a-v4,dav4,d8a v4,general,8,32,200,0,"amd-epyc-7452,amd-epyc-7763v",0,
d8ads-v5,dadsv5,d8ads v5,general,8,32,300,0,amd-epyc-7763v,0,
d8ads-v6,dadsv6,d8ads v6,general,8,32,440,0,amd-epyc-9004,0,
d8alds-v6,daldsv6,d8alds v6,general,8,16,440,0,amd-epyc-9004,0,
d8als-v6,dalsv6,d8als v6,general,8,16,0,0,amd-epyc-9004,0,
d8as-v4,dasv4,d8as v4,general,8,32,64,0,"amd-epyc-7452,amd-epyc-7763v",0,
d8as-v5,dasv5,d8as v5,general,8,32,0,0,amd-epyc-7763v,0,
d8as-v6,dasv6,d8as v6,general,8,32,0,0,amd-epyc-9004,0,
d8d-v4,ddv4,d8d v4,general,8,32,300,0,"intel-xeon-8370c,intel-xeon-8272cl",0,
d8d-v5,ddv5,d8d v5,general,8,32,300,0,intel-xeon-8370c,0,
d8ds-v4,ddsv4,d8ds v4,general,8,32,300,0,"intel-xeon-8370c,intel-xeon-8272cl",0,
d8ds-v5,ddsv5,d8ds v5,general,8,32,300,0,intel-xeon-8370c,0,
d8ds-v6,ddsv6,d8ds v6,general,8,32,440,0,intel-xeon-8573c,0,
d8lds-v5,dldsv5,d8lds v5,general,8,16,300,0,"intel-xeon-8473c,intel-xeon-8370c",0,
d8lds-v6,dldsv6,d8lds v6,general,8,16,440,0,intel-xeon-8573c,0,
d8ls-v5,dlsv5,d8ls v5,general,8,16,0,0,"intel-xeon-8473c,intel-xeon-8370c",0,
d8ls-v6,dlsv6,d8ls v6,general,8,16,0,0,intel-xeon-8573c,0,
d8pds-v5,dpdsv5,d8pds v5,general,8,32,300,0,ampere-altra-q8030,0,
d8pds-v6,dpdsv6,d8pds v6,general,8,32,440,0,azure-cobalt-100,0,
d8plds-v5,dpldsv5,d8plds v5,general,8,16,300,0,ampere-altra-q8030,0,
d8plds-v6,dpldsv6,d8plds v6,general,8,16,440,0,azure-cobalt-100,0,
d8pls-v5,dplsv5,d8pls v5,general,8,16,0,0,ampere-altra-q8030,0,
d8pls-v6,dplsv6,d8pls v6,general,8,16,0,0,azure-cobalt-100,0,
d8ps-v5,dpsv5,d8ps v5,general,8,32,0,0,ampere-altra-q8030,0,
d8ps-v6,dpsv6,d8ps v6,general,8,32,0,0,azure-cobalt-100,0,
d8s-v3,dsv3,d8s v3,general,8,32,64,0,"intel-xeon-8370c,intel-xeon-8272cl,intel-xeon-8171m,intel-xeon-e52673v4,intel-xeon-e52673v3",0,
d8s-v4,dsv4,d8s v4,general,8,32,0,0,"intel-xeon-8473c,intel-xeon-8370c,intel-xeon-8272cl",0,
d8s-v5,dsv5,d8s v5,general,8,32,0,0,"intel-xeon-8473c,intel-xeon-8370c",0,
d8s-v6,dsv6,d8s v6,general,8,32,0,0,intel-xeon-8573c,0,
d96-v5,dv5,d96 v5,general,96,384,0,0,"intel-xeon-8473c,intel-xeon-8370c",0,
d96a-v4,dav4,d96a v4,general,96,384,2400,0,"amd-epyc-7452,amd-epyc-7763v",0,
d96ads-v5,dadsv5,d96ads v5,general,96,384,3600,0,amd-epyc-7763v,0,
d96ads-v6,dadsv6,d96ads v6,general,96,384,5280,0,amd-epyc-9004,0,
d96alds-v6,daldsv6,d96alds v6,general,96,192,5280,0,amd-epyc-9004,0,
d96als-v6,dalsv6,d96als v6,general,96,192,0,0,amd-epyc-9004,0,
d96as-v4,dasv4,d96as v4,general,96,384,768,0,"amd-epyc-7452,amd-epyc-7763v",0,
d96as-v5,dasv5,d96as v5,general,96,384,0,0,amd-epyc-7763v,0,
d96as-v6,dasv6,d96as v6,general,96,384,0,0,amd-epyc-9004,0,
d96d-v5,ddv5,d96d v5,general,96,384,3600,0,intel-xeon-8370c,0,
d96ds-v5,ddsv5,d96ds v5,general,96,384,3600,0,intel-xeon-8370c,0,
d96ds-v6,ddsv6,d96ds v6,general,96,384,5280,0,intel-xeon-8573c,0,
d96lds-v5,dldsv5,d96lds v5,general,96,192,3600,0,"intel-xeon-8473c,intel-xeon-8370c",0,
d96lds-v6,dldsv6,d96lds v6,general,96,192,5280,0,intel-xeon-8573c,0,
d96ls-v5,dlsv5,d96ls v5,general,96,192,0,0,"intel-xeon-8473c,intel-xeon-8370c",0,
d96ls-v6,dlsv6,d96ls v6,general,96,192,0,0,intel-xeon-8573c,0,
d96pds-v6,dpdsv6,d96pds v6,general,96,384,5280,0,azure-cobalt-100,0,
d96plds-v6,dpldsv6,d96plds v6,general,96,192,5280,0,azure-cobalt-100,0,
d96pls-v6,dplsv6,d96pls v6,general,96,192,0,0,azure-cobalt-100,0,
d96ps-v6,dpsv6,d96ps v6,general,96,384,0,0,azure-cobalt-100,0,
d96s-v5,dsv5,d96s v5,general,96,384,0,0,"intel-xeon-8473c,intel-xeon-8370c",0,
d96s-v6,dsv6,d96s v6,general,96,384,0,0,intel-xeon-8573c,0,
dc16ads-cc-v5,dcads_cc_v5,dc16ads cc v5,general,16,64,600,0,amd-epyc-7763v,0,
dc16ads-v5,dcadsv5,dc16ads v5,general,16,64,600,0,amd-epyc-7763v,0,
dc16as-cc-v5,dcas_cc_v5,dc16as cc v5,general,16,64,0,0,amd-epyc-7763v,0,
dc16as-v5,dcasv5,dc16as v5,general,16,64,0,0,amd-epyc-7763v,0,
dc16ds-v3,dcdsv3,dc16ds v3,general,16,128,1200,0,intel-xeon-8370c,0,
dc16eds-v5,dcedsv5,dc16eds v5,general,64,16,463,0,intel-xeon-8473c,0,
dc16es-v5,dcesv5,dc16es v5,general,16,64,0,0,intel-xeon-8473c,0,
dc16s-v3,dcsv3,dc16s v3,general,16,128,0,0,intel-xeon-8370c,0,
dc1ds-v3,dcdsv3,dc1ds v3,general,1,8,75,0,intel-xeon-8370c,0,
dc1s-v2,dcsv2,dc1s v2,general,1,4,50,0,intel-xeon-e2288g,0,
dc1s-v3,dcsv3,dc1s v3,general,1,8,0,0,intel-xeon-8370c,0,
dc24ds-v3,dcdsv3,dc24ds v3,general,24,192,1800,0,intel-xeon-8370c,0,
dc24s-v3,dcsv3,dc24s v3,general,24,192,0,0,intel-xeon-8370c,0,
dc2ads-v5,dcadsv5,dc2ads v5,general,2,8,75,0,amd-epyc-7763v,0,
dc2as-v5,dcasv5,dc2as v5,general,2,8,0,0,amd-epyc-7763v,0,
dc2ds-v3,dcdsv3,dc2ds v3,general,2,16,150,0,intel-xeon-8370c,0,
dc2eds-v5,dcedsv5,dc2eds v5,general,8,2,47,0,intel-xeon-8473c,0,
dc2es-v5,dcesv5,dc2es v5,general,2,8,0,0,intel-xeon-8473c,0,
dc2s-v2,dcsv2,dc2s v2,general,2,8,100,0,intel-xeon-e2288g,0,
dc2s-v3,dcsv3,dc2s v3,general,2,16,0,0,intel-xeon-8370c,0,
dc32ads-cc-v5,dcads_cc_v5,dc32ads cc v5,general,32,128,1200,0,amd-epyc-7763v,0,
dc32ads-v5,dcadsv5,dc32ads v5,general,32,128,1200,0,amd-epyc-7763v,0,
dc32as-cc-v5,dcas_cc_v5,dc32as cc v5,general,32,128,0,0,amd-epyc-7763v,0,
dc32as-v5,dcasv5,dc32as v5,general,32,128,0,0,amd-epyc-7763v,0,
dc32ds-v3,dcdsv3,dc32ds v3,general,32,256,2400,0,intel-xeon-8370c,0,
dc32eds-v5,dcedsv5,dc32eds v5,general,128,32,935,0,intel-xeon-8473c,0,
dc32es-v5,dcesv5,dc32es v5,general,32,128,0,0,intel-xeon-8473c,0,
dc32s-v3,dcsv3,dc32s v3,general,32,256,0,0,intel-xeon-8370c,0,
dc48ads-cc-v5,dcads_cc_v5,dc48ads cc v5,general,48,192,1800,0,amd-epyc-7763v,0,
dc48ads-v5,dcadsv5,dc48ads v5,general,48,192,1800,0,amd-epyc-7763v,0,
dc48as-cc-v5,dcas_cc_v5,dc48as cc v5,general,48,192,0,0,amd-epyc-7763v,0,
dc48as-v5,dcasv5,dc48as v5,general,48,192,0,0,amd-epyc-7763v,0,
dc48ds-v3,dcdsv3,dc48ds v3,general,48,384,2400,0,intel-xeon-8370c,0,
dc48eds-v5,dcedsv5,dc48eds v5,general,192,48,1407,0,intel-xeon-8473c,0,
dc48es-v5,dcesv5,dc48es v5,general,48,192,0,0,intel-xeon-8473c,0,
dc48s-v3,dcsv3,dc48s v3,general,48,384,0,0,intel-xeon-8370c,0,
dc4ads-cc-v5,dcads_cc_v5,dc4ads cc v5,general,4,16,150,0,amd-epyc-7763v,0,
dc4ads-v5,dcadsv5,dc4ads v5,general,4,16,150,0,amd-epyc-7763v,0,
dc4as-cc-v5,dcas_cc_v5,dc4as cc v5,general,4,16,0,0,amd-epyc-7763v,0,
dc4as-v5,dcasv5,dc4as v5,general,4,16,0,0,amd-epyc-7763v,0,
dc4ds-v3,dcdsv3,dc4ds v3,general,4,32,300,0,intel-xeon-8370c,0,
dc4eds-v5,dcedsv5,dc4eds v5,general,16,4,105,0,intel-xeon-8473c,0,
dc4es-v5,dcesv5,dc4es v5,general,4,16,0,0,intel-xeon-8473c,0,
dc4s-v2,dcsv2,dc4s v2,general,4,16,200,0,intel-xeon-e2288g,0,
dc4s-v3,dcsv3,dc4s v3,general,4,32,0,0,intel-xeon-8370c,0,
dc64ads-cc-v5,dcads_cc_v5,dc64ads cc v5,general,64,256,2400,0,amd-epyc-7763v,0,
dc64ads-v5,dcadsv5,dc64ads v5,general,64,256,2400,0,amd-epyc-7763v,0,
dc64as-cc-v5,dcas_cc_v5,dc64as cc v5,general,64,256,0,0,amd-epyc-7763v,0,
dc64as-v5,dcasv5,dc64as v5,general,64,256,0,0,amd-epyc-7763v,0,
dc64eds-v5,dcedsv5,dc64eds v5,general,256,64,2823,0,intel-xeon-8473c,0,
dc64es-v5,dcesv5,dc64es v5,general,64,256,0,0,intel-xeon-8473c,0,
dc8ads-cc-v5,dcads_cc_v5,dc8ads cc v5,general,8,32,300,0,amd-epyc-7763v,0,
dc8ads-v5,dcadsv5,dc8ads v5,general,8,32,300,0,amd-epyc-7763v,0,
dc8as-cc-v5,dcas_cc_v5,dc8as cc v5,general,8,32,0,0,amd-epyc-7763v,0,
dc8as-v5,dcasv5,dc8as v5,general,8,32,0,0,amd-epyc-7763v,0,
dc8ds-v3,dcdsv3,dc8ds v3,general,8,64,600,0,intel-xeon-8370c,0,
dc8eds-v5,dcedsv5,dc8eds v5,general,32,8,227,0,intel-xeon-8473c,0,
dc8es-v5,dcesv5,dc8es v5,general,8,32,0,0,intel-xeon-8473c,0,
dc8s-v2,dcsv2,dc8s v2,general,8,32,400,0,intel-xeon-e2288g,0,
dc8s-v3,dcsv3,dc8s v3,general,8,64,0,0,intel-xeon-8370c,0,
dc96ads-cc-v5,dcads_cc_v5,dc96ads cc v5,general,96,384,3600,0,amd-epyc-7763v,0,
dc96ads-v5,dcadsv5,dc96ads v5,general,96,384,3600,0,amd-epyc-7763v,0,
dc96as-cc-v5,dcas_cc_v5,dc96as cc v5,general,96,384,0,0,amd-epyc-7763v,0,
dc96as-v5,dcasv5,dc96as v5,general,96,384,0,0,amd-epyc-7763v,0,
dc96eds-v5,dcedsv5,dc96eds v5,general,384,96,2823,0,intel-xeon-8473c,0,
dc96es-v5,dcesv5,dc96es v5,general,96,384,0,0,intel-xeon-8473c,0,
ds1-v2,dsv2,ds1 v2,general,1,3.5,7,0,"intel-xeon-8370c,intel-xeon-8272cl,intel-xeon-8171m,intel-xeon-e52673v4,intel-xeon-e52673v3",0,
ds11-v2,dsv2-11-15,ds11 v2,general,2,14,28,0,"intel-xeon-8370c,intel-xeon-8272cl,intel-xeon-8171m,intel-xeon-e52673v4,intel-xeon-e52673v3",0,
ds12-v2,dsv2-11-15,ds12 v2,general,4,28,56,0,"intel-xeon-8370c,intel-xeon-8272cl,intel-xeon-8171m,intel-xeon-e52673v4,intel-xeon-e52673v3",0,
ds13-v2,dsv2-11-15,ds13 v2,general,8,56,112,0,"intel-xeon-8370c,intel-xeon-8272cl,intel-xeon-8171m,intel-xeon-e52673v4,intel-xeon-e52673v3",0,
ds14-v2,dsv2-11-15,ds14 v2,general,16,112,224,0,"intel-xeon-8370c,intel-xeon-8272cl,intel-xeon-8171m,intel-xeon-e52673v4,intel-xeon-e52673v3",0,
ds15-v2,dsv2-11-15,ds15 v2,general,20,140,280,0,"intel-xeon-8370c,intel-xeon-8272cl,intel-xeon-8171m,intel-xeon-e52673v4,intel-xeon-e52673v3",0,
ds2-v2,dsv2,ds2 v2,general,2,7,14,0,"intel-xeon-8370c,intel-xeon-8272cl,intel-xeon-8171m,intel-xeon-e52673v4,intel-xeon-e52673v3",0,
ds3-v2,dsv2,ds3 v2,general,4,14,28,0,"intel-xeon-8370c,intel-xeon-8272cl,intel-xeon-8171m,intel-xeon-e52673v4,intel-xeon-e52673v3",0,
ds4-v2,dsv2,ds4 v2,general,8,28,56,0,"intel-xeon-8370c,intel-xeon-8272cl,intel-xeon-8171m,intel-xeon-e52673v4,intel-xeon-e52673v3",0,
ds5-v2,dsv2,ds5 v2,general,16,56,112,0,"intel-xeon-8370c,intel-xeon-8272cl,intel-xeon-8171m,intel-xeon-e52673v4,intel-xeon-e52673v3",0,
e104i-v5,ev5,e104i v5,memory,104,672,0,0,"intel-xeon-8473c,intel-xeon-8370c",0,
e104id-v5,edv5,e104id v5,memory,104,672,3900,0,intel-xeon-8370c,0,
e104ids-v5,edsv5,e104ids v5,memory,104,672,3900,0,intel-xeon-8370c,0,
e104is-v5,esv5,e104is v5,memory,104,672,0,0,"intel-xeon-8473c,intel-xeon-8370c",0,
e112iads-v5,eadsv5,e112iads v5,memory,112,672,3800,0,amd-epyc-7763v,0,
e112ias-v5,easv5,e112ias v5,memory,112,672,0,0,amd-epyc-7763v,0,
e112ibds-v5,ebdsv5,e112ibds v5,memory,112,672,3800,0,intel-xeon-8370c,0,
e112ibs-v5,ebsv5,e112ibs v5,memory,112,672,0,0,intel-xeon-8272cl,0,
e128ds-v6,edsv6,e128ds v6,memory,128,1024,7040,0,intel-xeon-8573c,0,
e128s-v6,esv6,e128s v6,memory,128,1024,0,0,intel-xeon-8573c,0,
e16-v3,ev3,e16 v3,memory,16,128,800,0,"intel-xeon-8370c,intel-xeon-8272cl,intel-xeon-8171m,intel-xeon-e52673v4",0,
e16-v4,ev4,e16 v4,memory,16,128,0,0,"intel-xeon-8473c,intel-xeon-8370c,intel-xeon-8272cl",0,
e16-v5,ev5,e16 v5,memory,16,128,0,0,"intel-xeon-8473c,intel-xeon-8370c",0,
e16a-v4,eav4,e16a v4,memory,16,128,400,0,"amd-epyc-7452,amd-epyc-7763v",0,
e16ads-v5,eadsv5,e16ads v5,memory,16,128,600,0,amd-epyc-7763v,0,
e16ads-v6,eadsv6,e16ads v6,memory,16,128,600,0,amd-epyc-9004,0,
e16as-v4,easv4,e16as v4,memory,16,128,256,0,"amd-epyc-7452,amd-epyc-7763v",0,
e16as-v5,easv5,e16as v5,memory,16,128,0,0,amd-epyc-7763v,0,
e16as-v6,easv6,e16as v6,memory,16,128,0,0,amd-epyc-9004,0,
e16bds-v5,ebdsv5,e16bds v5,memory,16,128,600,0,intel-xeon-8370c,0,
e16bs-v5,ebsv5,e16bs v5,memory,16,128,0,0,intel-xeon-8272cl,0,
e16d-v4,edv4,e16d v4,memory,16,128,600,0,"intel-xeon-8370c,intel-xeon-8272cl",0,
e16d-v5,edv5,e16d v5,memory,16,128,600,0,intel-xeon-8370c,0,
e16ds-v4,edsv4,e16ds v4,memory,16,128,600,0,"intel-xeon-8370c,intel-xeon-8272cl",0,
e16ds-v5,edsv5,e16ds v5,memory,16,128,600,0,intel-xeon-8370c,0,
e16ds-v6,edsv6,e16ds v6,memory,16,128,880,0,intel-xeon-8573c,0,
e16pds-v5,epdsv5,e16pds v5,memory,16,128,600,0,ampere-altra-q8030,0,
e16pds-v6,epdsv6,e16pds v6,memory,16,128,880,0,azure-cobalt-100,0,
e16ps-v5,epsv5,e16ps v5,memory,16,128,0,0,ampere-altra-q8030,0,
e16ps-v6,epsv6,e16ps v6,memory,16,128,0,0,azure-cobalt-100,0,
e16s-v3,esv3,e16s v3,memory,16,128,256,0,"intel-xeon-8370c,intel-xeon-8272cl,intel-xeon-8171m,intel-xeon-e52673v4",0,
e16s-v4,esv4,e16s v4,memory,16,128,0,0,"intel-xeon-8473c,intel-xeon-8370c,intel-xeon-8272cl",0,
e16s-v5,esv5,e16s v5,memory,16,128,0,0,"intel-xeon-8473c,intel-xeon-8370c",0,
e16s-v6,esv6,e16s v6,memory,16,128,0,0,intel-xeon-8573c,0,
e2-v3,ev3,e2 v3,memory,2,16,50,0,"intel-xeon-8370c,intel-xeon-8272cl,intel-xeon-8171m,intel-xeon-e52673v4",0,
e2-v4,ev4,e2 v4,memory,2,16,0,0,"intel-xeon-8473c,intel-xeon-8370c,intel-xeon-8272cl",0,
e2-v5,ev5,e2 v5,memory,2,16,0,0,"intel-xeon-8473c,intel-xeon-8370c",0,
e20-v3,ev3,e20 v3,memory,20,160,500,0,"intel-xeon-8370c,intel-xeon-8272cl,intel-xeon-8171m,intel-xeon-e52673v4",0,
e20-v4,ev4,e20 v4,memory,20,160,0,0,"intel-xeon-8473c,intel-xeon-8370c,intel-xeon-8272cl",0,
e20-v5,ev5,e20 v5,memory,20,160,0,0,"intel-xeon-8473c,intel-xeon-8370c",0,
e20a-v4,eav4,e20a v4,memory,20,160,500,0,"amd-epyc-7452,amd-epyc-7763v",0,
e20ads-v5,eadsv5,e20ads v5,memory,20,160,750,0,amd-epyc-7763v,0,
e20ads-v6,eadsv6,e20ads v6,memory,20,160,750,0,amd-epyc-9004,0,
e20as-v4,easv4,e20as v4,memory,20,160,320,0,"amd-epyc-7452,amd-epyc-7763v",0,
e20as-v5,easv5,e20as v5,memory,20,160,0,0,amd-epyc-7763v,0,
e20as-v6,easv6,e20as v6,memory,20,160,0,0,amd-epyc-9004,0,
e20d-v4,edv4,e20d v4,memory,20,160,750,0,"intel-xeon-8370c,intel-xeon-8272cl",0,
e20d-v5,edv5,e20d v5,memory,20,160,750,0,intel-xeon-8370c,0,
e20ds-v4,edsv4,e20ds v4,memory,20,160,750,0,"intel-xeon-8370c,intel-xeon-8272cl",0,
e20ds-v5,edsv5,e20ds v5,memory,20,160,750,0,intel-xeon-8370c,0,
e20ds-v6,edsv6,e20ds v6,memory,20,160,1100,0,intel-xeon-8573c,0,
e20pds-v5,epdsv5,e20pds v5,memory,20,160,750,0,ampere-altra-q8030,0,
e20ps-v5,epsv5,e20ps v5,memory,20,160,0,0,ampere-altra-q8030,0,
e20s-v3,esv3,e20s v3,memory,20,160,320,0,"intel-xeon-8370c,intel-xeon-8272cl,intel-xeon-8171m,intel-xeon-e52673v4",0,
e20s-v4,esv4,e20s v4,memory,20,160,0,0,"intel-xeon-8473c,intel-xeon-8370c,intel-xeon-8272cl",0,
e20s-v5,esv5,e20s v5,memory,20,160,0,0,"intel-xeon-8473c,intel-xeon-8370c",0,
e20s-v6,esv6,e20s v6,memory,20,160,0,0,intel-xeon-8573c,0,
e2a-v4,eav4,e2a v4,memory,2,16,50,0,"amd-epyc-7452,amd-epyc-7763v",0,
e2ads-v5,eadsv5,e2ads v5,memory,2,16,75,0,amd-epyc-7763v,0,
e2ads-v6,eadsv6,e2ads v6,memory,2,16,75,0,amd-epyc-9004,0,
e2as-v4,easv4,e2as v4,memory,2,16,32,0,"amd-epyc-7452,amd-epyc-7763v",0,
e2as-v5,easv5,e2as v5,memory,2,16,0,0,amd-epyc-7763v,0,
e2as-v6,easv6,e2as v6,memory,2,16,0,0,amd-epyc-9004,0,
e2bds-v5,ebdsv5,e2bds v5,memory,2,16,75,0,intel-xeon-8370c,0,
e2bs-v5,ebsv5,e2bs v5,memory,2,16,0,0,intel-xeon-8272cl,0,
e2d-v4,edv4,e2d v4,memory,2,16,75,0,"intel-xeon-8370c,intel-xeon-8272cl",0,
e2d-v5,edv5,e2d v5,memory,2,16,75,0,intel-xeon-8370c,0,
e2ds-v4,edsv4,e2ds v4,memory,2,16,75,0,"intel-xeon-8370c,intel-xeon-8272cl",0,
e2ds-v5,edsv5,e2ds v5,memory,2,16,75,0,intel-xeon-8370c,0,
e2ds-v6,edsv6,e2ds v6,memory,2,16,110,0,intel-xeon-8573c,0,
e2pds-v5,epdsv5,e2pds v5,memory,2,16,75,0,ampere-altra-q8030,0,
e2pds-v6,epdsv6,e2pds v6,memory,2,16,110,0,azure-cobalt-100,0,
e2ps-v5,epsv5,e2ps v5,memory,2,16,0,0,ampere-altra-q8030,0,
e2ps-v6,epsv6,e2ps v6,memory,2,16,0,0,azure-cobalt-100,0,
e2s-v3,esv3,e2s v3,memory,2,16,32,0,"intel-xeon-8370c,intel-xeon-8272cl,intel-xeon-8171m,intel-xeon-e52673v4",0,
e2s-v4,esv4,e2s v4,memory,2,16,0,0,"intel-xeon-8473c,intel-xeon-8370c,intel-xeon-8272cl",0,
e2s-v5,esv5,e2s v5,memory,2,16,0,0,"intel-xeon-8473c,intel-xeon-8370c",0,
e2s-v6,esv6,e2s v6,memory,2,16,0,0,intel-xeon-8573c,0,
e32-v3,ev3,e32 v3,memory,32,256,800,0,"intel-xeon-8370c,intel-xeon-8272cl,intel-xeon-8171m,intel-xeon-e52673v4",0,
e32-v4,ev4,e32 v4,memory,32,256,0,0,"intel-xeon-8473c,intel-xeon-8370c,intel-xeon-8272cl",0,
e32-v5,ev5,e32 v5,memory,32,256,0,0,"intel-xeon-8473c,intel-xeon-8370c",0,
e32a-v4,eav4,e32a v4,memory,32,256,800,0,"amd-epyc-7452,amd-epyc-7763v",0,
e32ads-v5,eadsv5,e32ads v5,memory,32,256,1200,0,amd-epyc-7763v,0,
e32ads-v6,eadsv6,e32ads v6,memory,32,256,1200,0,amd-epyc-9004,0,
e32as-v4,easv4,e32as v4,memory,32,256,512,0,"amd-epyc-7452,amd-epyc-7763v",0,
e32as-v5,easv5,e32as v5,memory,32,256,0,0,amd-epyc-7763v,0,
e32as-v6,easv6,e32as v6,memory,32,256,0,0,amd-epyc-9004,0,
e32bds-v5,ebdsv5,e32bds v5,memory,32,256,1200,0,intel-xeon-8370c,0,
e32bs-v5,ebsv5,e32bs v5,memory,32,256,0,0,intel-xeon-8272cl,0,
e32d-v4,edv4,e32d v4,memory,32,256,1200,0,"intel-xeon-8370c,intel-xeon-8272cl",0,
e32d-v5,edv5,e32d v5,memory,32,256,1200,0,intel-xeon-8370c,0,
e32ds-v4,edsv4,e32ds v4,memory,32,256,1200,0,"intel-xeon-8370c,intel-xeon-8272cl",0,
e32ds-v5,edsv5,e32ds v5,memory,32,256,1200,0,intel-xeon-8370c,0,
e32ds-v6,edsv6,e32ds v6,memory,32,256,1760,0,intel-xeon-8573c,0,
e32pds-v5,epdsv5,e32pds v5,memory,32,208,1200,0,ampere-altra-q8030,0,
e32pds-v6,epdsv6,e32pds v6,memory,32,256,1760,0,azure-cobalt-100,0,
e32ps-v5,epsv5,e32ps v5,memory,32,208,0,0,ampere-altra-q8030,0,
e32ps-v6,epsv6,e32ps v6,memory,32,256,0,0,azure-cobalt-100,0,
e32s-v3,esv3,e32s v3,memory,32,256,512,0,"intel-xeon-8370c,intel-xeon-8272cl,intel-xeon-8171m,intel-xeon-e52673v4",0,
e32s-v4,esv4,e32s v4,memory,32,256,0,0,"intel-xeon-8473c,intel-xeon-8370c,intel-xeon-8272cl",0,
e32s-v5,esv5,e32s v5,memory,32,256,0,0,"intel-xeon-8473c,intel-xeon-8370c",0,
e32s-v6,esv6,e32s v6,memory,32,256,0,0,intel-xeon-8573c,0,
e4-v3,ev3,e4 v3,memory,4,32,100,0,"intel-xeon-8370c,intel-xeon-8272cl,intel-xeon-8171m,intel-xeon-e52673v4",0,
e4-v4,ev4,e4 v4,memory,4,32,0,0,"intel-xeon-8473c,intel-xeon-8370c,intel-xeon-8272cl",0,
e4-v5,ev5,e4 v5,memory,4,32,0,0,"intel-xeon-8473c,intel-xeon-8370c",0,
e48-v3,ev3,e48 v3,memory,48,384,1200,0,"intel-xeon-8370c,intel-xeon-8272cl,intel-xeon-8171m,intel-xeon-e52673v4",0,
e48-v4,ev4,e48 v4,memory,48,384,0,0,"intel-xeon-8473c,intel-xeon-8370c,intel-xeon-8272cl",0,
e48-v5,ev5,e48 v5,memory,48,384,0,0,"intel-xeon-8473c,intel-xeon-8370c",0,
e48a-v4,eav4,e48a v4,memory,48,384,1200,0,"amd-epyc-7452,amd-epyc-7763v",0,
e48ads-v5,eadsv5,e48ads v5,memory,48,384,1800,0,amd-epyc-7763v,0,
e48ads-v6,eadsv6,e48ads v6,memory,48,384,1700,0,amd-epyc-9004,0,
e48as-v4,easv4,e48as v4,memory,48,384,768,0,"amd-epyc-7452,amd-epyc-7763v",0,
e48as-v5,easv5,e48as v5,memory,48,384,0,0,amd-epyc-7763v,0,
e48as-v6,easv6,e48as v6,memory,48,384,0,0,amd-epyc-9004,0,
e48bds-v5,ebdsv5,e48bds v5,memory,48,384,1800,0,intel-xeon-8370c,0,
e48bs-v5,ebsv5,e48bs v5,memory,48,384,0,0,intel-xeon-8272cl,0,
e48d-v4,edv4,e48d v4,memory,48,384,1800,0,"intel-xeon-8370c,intel-xeon-8272cl",0,
e48d-v5,edv5,e48d v5,memory,48,384,1800,0,intel-xeon-8370c,0,
e48ds-v4,edsv4,e48ds v4,memory,48,384,1800,0,"intel-xeon-8370c,intel-xeon-8272cl",0,
e48ds-v5,edsv5,e48ds v5,memory,48,384,1800,0,intel-xeon-8370c,0,
e48ds-v6,edsv6,e48ds v6,memory,48,384,2640,0,intel-xeon-8573c,0,
e48pds-v6,epdsv6,e48pds v6,memory,48,384,2640,0,azure-cobalt-100,0,
e48ps-v6,epsv6,e48ps v6,memory,48,384,0,0,azure-cobalt-100,0,
e48s-v3,esv3,e48s v3,memory,48,384,768,0,"intel-xeon-8370c,intel-xeon-8272cl,intel-xeon-8171m,intel-xeon-e52673v4",0,
e48s-v4,esv4,e48s v4,memory,48,384,0,0,"intel-xeon-8473c,intel-xeon-8370c,intel-xeon-8272cl",0,
e48s-v5,esv5,e48s v5,memory,48,384,0,0,"intel-xeon-8473c,intel-xeon-8370c",0,
e48s-v6,esv6,e48s v6,memory,48,384,0,0,intel-xeon-8573c,0,
e4a-v4,eav4,e4a v4,memory,4,32,100,0,"amd-epyc-7452,amd-epyc-7763v",0,
e4ads-v5,eadsv5,e4ads v5,memory,4,32,150,0,amd-epyc-7763v,0,
e4ads-v6,eadsv6,e4ads v6,memory,4,32,150,0,amd-epyc-9004,0,
e4as-v4,easv4,e4as v4,memory,4,32,64,0,"amd-epyc-7452,amd-epyc-7763v",0,
e4as-v5,easv5,e4as v5,memory,4,32,0,0,amd-epyc-7763v,0,
e4as-v6,easv6,e4as v6,memory,4,32,0,0,amd-epyc-9004,0,
e4bds-v5,ebdsv5,e4bds v5,memory,4,32,150,0,intel-xeon-8370c,0,
e4bs-v5,ebsv5,e4bs v5,memory,4,32,0,0,intel-xeon-8272cl,0,
e4d-v4,edv4,e4d v4,memory,4,32,150,0,"intel-xeon-8370c,intel-xeon-8272cl",0,
e4d-v5,edv5,e4d v5,memory,4,32,150,0,intel-xeon-8370c,0,
e4ds-v4,edsv4,e4ds v4,memory,4,32,150,0,"intel-xeon-8370c,intel-xeon-8272cl",0,
e4ds-v5,edsv5,e4ds v5,memory,4,32,150,0,intel-xeon-8370c,0,
e4ds-v6,edsv6,e4ds v6,memory,4,32,220,0,intel-xeon-8573c,0,
e4pds-v5,epdsv5,e4pds v5,memory,4,32,150,0,ampere-altra-q8030,0,
e4pds-v6,epdsv6,e4pds v6,memory,4,32,220,0,azure-cobalt-100,0,
e4ps-v5,epsv5,e4ps v5,memory,4,32,0,0,ampere-altra-q8030,0,
e4ps-v6,epsv6,e4ps v6,memory,4,32,0,0,azure-cobalt-100,0,
e4s-v3,esv3,e4s v3,memory,4,32,64,0,"intel-xeon-8370c,intel-xeon-8272cl,intel-xeon-8171m,intel-xeon-e52673v4",0,
e4s-v4,esv4,e4s v4,memory,4,32,0,0,"intel-xeon-8473c,intel-xeon-8370c,intel-xeon-8272cl",0,
e4s-v5,esv5,e4s v5,memory,4,32,0,0,"intel-xeon-8473c,intel-xeon-8370c",0,
e4s-v6,esv6,e4s v6,memory,4,32,0,0,intel-xeon-8573c,0,
e64-v3,ev3,e64 v3,memory,64,432,1600,0,"intel-xeon-8370c,intel-xeon-8272cl,intel-xeon-8171m,intel-xeon-e52673v4",0,
e64-v4,ev4,e64 v4,memory,64,504,0,0,"intel-xeon-8473c,intel-xeon-8370c,intel-xeon-8272cl",0,
e64-v5,ev5,e64 v5,memory,64,512,0,0,"intel-xeon-8473c,intel-xeon-8370c",0,
e64a-v4,eav4,e64a v4,memory,64,432,1600,0,"amd-epyc-7452,amd-epyc-7763v",0,
e64ads-v5,eadsv5,e64ads v5,memory,64,512,2400,0,amd-epyc-7763v,0,
e64ads-v6,eadsv6,e64ads v6,memory,64,512,2400,0,amd-epyc-9004,0,
e64as-v4,easv4,e64as v4,memory,64,432,864,0,"amd-epyc-7452,amd-epyc-7763v",0,
e64as-v5,easv5,e64as v5,memory,64,512,0,0,amd-epyc-7763v,0,
e64as-v6,easv6,e64as v6,memory,64,512,0,0,amd-epyc-9004,0,
e64bds-v5,ebdsv5,e64bds v5,memory,64,512,2400,0,intel-xeon-8370c,0,
e64bs-v5,ebsv5,e64bs v5,memory,64,512,0,0,intel-xeon-8272cl,0,
e64d-v4,edv4,e64d v4,memory,64,504,2400,0,"intel-xeon-8370c,intel-xeon-8272cl",0,
e64d-v5,edv5,e64d v5,memory,64,512,2400,0,intel-xeon-8370c,0,
e64ds-v4,edsv4,e64ds v4,memory,64,504,2400,0,"intel-xeon-8370c,intel-xeon-8272cl",0,
e64ds-v5,edsv5,e64ds v5,memory,64,512,2400,0,intel-xeon-8370c,0,
e64ds-v6,edsv6,e64ds v6,memory,64,512,3520,0,intel-xeon-8573c,0,
e64pds-v6,epdsv6,e64pds v6,memory,64,512,3520,0,azure-cobalt-100,0,
e64ps-v6,epsv6,e64ps v6,memory,64,512,0,0,azure-cobalt-100,0,
e64s-v3,esv3,e64s v3,memory,64,432,864,0,"intel-xeon-8370c,intel-xeon-8272cl,intel-xeon-8171m,intel-xeon-e52673v4",0,
e64s-v4,esv4,e64s v4,memory,64,504,0,0,"intel-xeon-8473c,intel-xeon-8370c,intel-xeon-8272cl",0,
e64s-v5,esv5,e64s v5,memory,64,512,0,0,"intel-xeon-8473c,intel-xeon-8370c",0,
e64s-v6,esv6,e64s v6,memory,64,512,0,0,intel-xeon-8573c,0,
e8-v3,ev3,e8 v3,memory,8,64,200,0,"intel-xeon-8370c,intel-xeon-8272cl,intel-xeon-8171m,intel-xeon-e52673v4",0,
e8-v4,ev4,e8 v4,memory,8,64,0,0,"intel-xeon-8473c,intel-xeon-8370c,intel-xeon-8272cl",0,
e8-v5,ev5,e8 v5,memory,8,64,0,0,"intel-xeon-8473c,intel-xeon-8370c",0,
e80ids-v4,edsv4,e80ids v4,memory,80,504,2400,0,"intel-xeon-8370c,intel-xeon-8272cl",0,
e80is-v4,esv4,e80is v4,memory,80,504,2400,0,"intel-xeon-8473c,intel-xeon-8370c,intel-xeon-8272cl",0,
e8a-v4,eav4,e8a v4,memory,8,64,200,0,"amd-epyc-7452,amd-epyc-7763v",0,
e8ads-v5,eadsv5,e8ads v5,memory,8,64,300,0,amd-epyc-7763v,0,
e8ads-v6,eadsv6,e8ads v6,memory,8,64,300,0,amd-epyc-9004,0,
e8as-v4,easv4,e8as v4,memory,8,64,128,0,"amd-epyc-7452,amd-epyc-7763v",0,
e8as-v5,easv5,e8as v5,memory,8,64,0,0,amd-epyc-7763v,0,
e8as-v6,easv6,e8as v6,memory,8,64,0,0,amd-epyc-9004,0,
e8bds-v5,ebdsv5,e8bds v5,memory,8,64,300,0,intel-xeon-8370c,0,
e8bs-v5,ebsv5,e8bs v5,memory,8,64,0,0,intel-xeon-8272cl,0,
e8d-v4,edv4,e8d v4,memory,8,64,300,0,"intel-xeon-8370c,intel-xeon-8272cl",0,
e8d-v5,edv5,e8d v5,memory,8,64,300,0,intel-xeon-8370c,0,
e8ds-v4,edsv4,e8ds v4,memory,8,64,300,0,"intel-xeon-8370c,intel-xeon-8272cl",0,
e8ds-v5,edsv5,e8ds v5,memory,8,64,300,0,intel-xeon-8370c,0,
e8ds-v6,edsv6,e8ds v6,memory,8,64,440,0,intel-xeon-8573c,0,
e8pds-v5,epdsv5,e8pds v5,memory,8,64,300,0,ampere-altra-q8030,0,
e8pds-v6,epdsv6,e8pds v6,memory,8,64,440,0,azure-cobalt-100,0,
e8ps-v5,epsv5,e8ps v5,memory,8,64,0,0,ampere-altra-q8030,0,
e8ps-v6,epsv6,e8ps v6,memory,8,64,0,0,azure-cobalt-100,0,
e8s-v3,esv3,e8s v3,memory,8,64,128,0,"intel-xeon-8370c,intel-xeon-8272cl,intel-xeon-8171m,intel-xeon-e52673v4",0,
e8s-v4,esv4,e8s v4,memory,8,64,0,0,"intel-xeon-8473c,intel-xeon-8370c,intel-xeon-8272cl",0,
e8s-v5,esv5,e8s v5,memory,8,64,0,0,"intel-xeon-8473c,intel-xeon-8370c",0,
e8s-v6,esv6,e8s v6,memory,8,64,0,0,intel-xeon-8573c,0,
e96-v5,ev5,e96 v5,memory,96,672,0,0,"intel-xeon-8473c,intel-xeon-8370c",0,
e96a-v4,eav4,e96a v4,memory,96,672,2400,0,"amd-epyc-7452,amd-epyc-7763v",0,
e96ads-v5,eadsv5,e96ads v5,memory,96,672,3600,0,amd-epyc-7763v,0,
e96ads-v6,eadsv6,e96ads v6,memory,96,672,3400,0,amd-epyc-9004,0,
e96as-v4,easv4,e96as v4,memory,96,672,1344,0,"amd-epyc-7452,amd-epyc-7763v",0,
e96as-v5,easv5,e96as v5,memory,96,672,0,0,amd-epyc-7763v,0,
e96as-v6,easv6,e96as v6,memory,96,672,0,0,amd-epyc-9004,0,
e96bds-v5,ebdsv5,e96bds v5,memory,96,672,3600,0,intel-xeon-8370c,0,
e96bs-v5,ebsv5,e96bs v5,memory,96,672,0,0,intel-xeon-8272cl,0,
e96d-v5,edv5,e96d v5,memory,96,672,3600,0,intel-xeon-8370c,0,
e96ds-v5,edsv5,e96ds v5,memory,96,672,3600,0,intel-xeon-8370c,0,
e96ds-v6,edsv6,e96ds v6,memory,96,768,5280,0,intel-xeon-8573c,0,
e96pds-v6,epdsv6,e96pds v6,memory,96,672,5280,0,azure-cobalt-100,0,
e96ps-v6,epsv6,e96ps v6,memory,96,672,0,0,azure-cobalt-100,0,
e96s-v5,esv5,e96s v5,memory,96,672,0,0,"intel-xeon-8473c,intel-xeon-8370c",0,
e96s-v6,esv6,e96s v6,memory,96,768,0,0,intel-xeon-8573c,0,
ec128eds-v5,ecedsv5,ec128eds v5,memory,128,768,2832,0,intel-xeon-8473c,0,
ec128es-v5,ecesv5,ec128es v5,memory,128,768,0,0,intel-xeon-8473c,0,
ec16ads-cc-v5,ecads_cc_v5,ec16ads cc v5,memory,16,128,600,0,amd-epyc-7763v,0,
ec16ads-v5,ecadsv5,ec16ads v5,memory,16,128,600,0,amd-epyc-7763v,0,
ec16as-cc-v5,ecas_cc_v5,ec16as cc v5,memory,16,128,0,0,amd-epyc-7763v,0,
ec16as-v5,ecasv5,ec16as v5,memory,16,128,0,0,amd-epyc-7763v,0,
ec16eds-v5,ecedsv5,ec16eds v5,memory,16,128,463,0,intel-xeon-8473c,0,
ec16es-v5,ecesv5,ec16es v5,memory,16,64,0,0,intel-xeon-8473c,0,
ec20ads-cc-v5,ecads_cc_v5,ec20ads cc v5,memory,20,160,750,0,amd-epyc-7763v,0,
ec20ads-v5,ecadsv5,ec20ads v5,memory,20,160,750,0,amd-epyc-7763v,0,
ec20as-cc-v5,ecas_cc_v5,ec20as cc v5,memory,20,160,0,0,amd-epyc-7763v,0,
ec20as-v5,ecasv5,ec20as v5,memory,20,160,0,0,amd-epyc-7763v,0,
ec2ads-v5,ecadsv5,ec2ads v5,memory,2,16,75,0,amd-epyc-7763v,0,
ec2as-v5,ecasv5,ec2as v5,memory,2,16,0,0,amd-epyc-7763v,0,
ec2eds-v5,ecedsv5,ec2eds v5,memory,2,16,47,0,intel-xeon-8473c,0,
ec2es-v5,ecesv5,ec2es v5,memory,2,8,0,0,intel-xeon-8473c,0,
ec32ads-cc-v5,ecads_cc_v5,ec32ads cc v5,memory,32,256,1200,0,amd-epyc-7763v,0,
ec32ads-v5,ecadsv5,ec32ads v5,memory,32,256,1200,0,amd-epyc-7763v,0,
ec32as-cc-v5,ecas_cc_v5,ec32as cc v5,memory,32,256,0,0,amd-epyc-7763v,0,
ec32as-v5,ecasv5,ec32as v5,memory,32,256,0,0,amd-epyc-7763v,0,
ec32eds-v5,ecedsv5,ec32eds v5,memory,32,256,935,0,intel-xeon-8473c,0,
ec32es-v5,ecesv5,ec32es v5,memory,32,128,0,0,intel-xeon-8473c,0,
ec48ads-cc-v5,ecads_cc_v5,ec48ads cc v5,memory,48,384,1800,0,amd-epyc-7763v,0,
ec48ads-v5,ecadsv5,ec48ads v5,memory,48,384,1800,0,amd-epyc-7763v,0,
ec48as-cc-v5,ecas_cc_v5,ec48as cc v5,memory,48,384,0,0,amd-epyc-7763v,0,
ec48as-v5,ecasv5,ec48as v5,memory,48,384,0,0,amd-epyc-7763v,0,
ec48eds-v5,ecedsv5,ec48eds v5,memory,48,384,1407,0,intel-xeon-8473c,0,
ec48es-v5,ecesv5,ec48es v5,memory,48,192,0,0,intel-xeon-8473c,0,
ec4ads-cc-v5,ecads_cc_v5,ec4ads cc v5,memory,4,32,150,0,amd-epyc-7763v,0,
ec4ads-v5,ecadsv5,ec4ads v5,memory,4,32,150,0,amd-epyc-7763v,0,
ec4as-cc-v5,ecas_cc_v5,ec4as cc v5,memory,4,32,0,0,amd-epyc-7763v,0,
ec4as-v5,ecasv5,ec4as v5,memory,4,32,0,0,amd-epyc-7763v,0,
ec4eds-v5,ecedsv5,ec4eds v5,memory,4,32,105,0,intel-xeon-8473c,0,
ec4es-v5,ecesv5,ec4es v5,memory,4,16,0,0,intel-xeon-8473c,0,
ec64ads-cc-v5,ecads_cc_v5,ec64ads cc v5,memory,64,512,2400,0,amd-epyc-7763v,0,
ec64ads-v5,ecadsv5,ec64ads v5,memory,64,512,2400,0,amd-epyc-7763v,0,
ec64as-cc-v5,ecas_cc_v5,ec64as cc v5,memory,64,512,0,0,amd-epyc-7763v,0,
ec64as-v5,ecasv5,ec64as v5,memory,64,512,0,0,amd-epyc-7763v,0,
ec64eds-v5,ecedsv5,ec64eds v5,memory,64,512,2823,0,intel-xeon-8473c,0,
ec64es-v5,ecesv5,ec64es v5,memory,64,256,0,0,intel-xeon-8473c,0,
ec8ads-cc-v5,ecads_cc_v5,ec8ads cc v5,memory,8,64,300,0,amd-epyc-7763v,0,
ec8ads-v5,ecadsv5,ec8ads v5,memory,8,64,300,0,amd-epyc-7763v,0,
ec8as-cc-v5,ecas_cc_v5,ec8as cc v5,memory,8,64,0,0,amd-epyc-7763v,0,
ec8as-v5,ecasv5,ec8as v5,memory,8,64,0,0,amd-epyc-7763v,0,
ec8eds-v5,ecedsv5,ec8eds v5,memory,8,64,227,0,intel-xeon-8473c,0,
ec8es-v5,ecesv5,ec8es v5,memory,8,32,0,0,intel-xeon-8473c,0,
ec96ads-cc-v5,ecads_cc_v5,ec96ads cc v5,memory,96,672,3600,0,amd-epyc-7763v,0,
ec96ads-v5,ecadsv5,ec96ads v5,memory,96,672,2400,0,amd-epyc-7763v,0,
ec96as-cc-v5,ecas_cc_v5,ec96as cc v5,memory,96,672,0,0,amd-epyc-7763v,0,
ec96as-v5,ecasv5,ec96as v5,memory,96,672,0,0,amd-epyc-7763v,0,
ec96iads-v5,ecadsv5,ec96iads v5,memory,96,672,2400,0,amd-epyc-7763v,0,
ec96ias-v5,ecasv5,ec96ias v5,memory,96,672,0,0,amd-epyc-7763v,0,
f1,fv1,f1,compute,1,2,16,0,intel-xeon-e52673v4,0,
f16,fv1,f16,compute,16,32,256,0,intel-xeon-e52673v4,0,
f16als-v6,falsv6,f16als v6,compute,16,32,0,0,amd-epyc-9004,0,
f16ams-v6,famsv6,f16ams v6,compute,16,128,0,0,amd-epyc-9004,0,
f16as-v6,fasv6,f16as v6,compute,16,64,0,0,amd-epyc-9004,0,
f16s,fsv1,f16s,compute,16,32,64,0,Intel Xeon 8272CL,0,
f16s-v2,fsv2,f16s v2,compute,16,32,128,0,"intel-xeon-8370c,intel-xeon-8272cl,intel-xeon-8168",0,
f1s,fsv1,f1s,compute,1,2,4,0,Intel Xeon 8272CL,0,
f2,fv1,f2,compute,2,4,32,0,intel-xeon-e52673v4,0,
f2als-v6,falsv6,f2als v6,compute,2,4,0,0,amd-epyc-9004,0,
f2ams-v6,famsv6,f2ams v6,compute,2,16,0,0,amd-epyc-9004,0,
f2as-v6,fasv6,f2as v6,compute,2,8,0,0,amd-epyc-9004,0,
f2s,fsv1,f2s,compute,2,4,8,0,intel-xeon-e52673v4,0,
f2s-v2,fsv2,f2s v2,compute,2,4,16,0,"intel-xeon-8370c,intel-xeon-8272cl,intel-xeon-8168",0,
f32als-v6,falsv6,f32als v6,compute,32,64,0,0,amd-epyc-9004,0,
f32ams-v6,famsv6,f32ams v6,compute,32,256,0,0,amd-epyc-9004,0,
f32as-v6,fasv6,f32as v6,compute,32,128,0,0,amd-epyc-9004,0,
f32s-v2,fsv2,f32s v2,compute,32,64,256,0,"intel-xeon-8370c,intel-xeon-8272cl,intel-xeon-8168",0,
f4,fv1,f4,compute,4,8,64,0,intel-xeon-e52673v4,0,
f48als-v6,falsv6,f48als v6,compute,48,96,0,0,amd-epyc-9004,0,
f48ams-v6,famsv6,f48ams v6,compute,48,384,0,0,amd-epyc-9004,0,
f48as-v6,fasv6,f48as v6,compute,48,192,0,0,amd-epyc-9004,0,
f48s-v2,fsv2,f48s v2,compute,48,96,384,0,"intel-xeon-8370c,intel-xeon-8272cl,intel-xeon-8168",0,
f4als-v6,falsv6,f4als v6,compute,4,8,0,0,amd-epyc-9004,0,
f4ams-v6,famsv6,f4ams v6,compute,4,32,0,0,amd-epyc-9004,0,
f4as-v6,fasv6,f4as v6,compute,4,16,0,0,amd-epyc-9004,0,
f4s,fsv1,f4s,compute,4,8,16,0,intel-xeon-e52673v4,0,
f4s-v2,fsv2,f4s v2,compute,4,8,32,0,"intel-xeon-8370c,intel-xeon-8272cl,intel-xeon-8168",0,
f64als-v6,falsv6,f64als v6,compute,64,128,0,0,amd-epyc-9004,0,
f64ams-v6,famsv6,f64ams v6,compute,64,512,0,0,amd-epyc-9004,0,
f64as-v6,fasv6,f64as v6,compute,64,256,0,0,amd-epyc-9004,0,
f64s-v2,fsv2,f64s v2,compute,64,128,512,0,"intel-xeon-8370c,intel-xeon-8272cl,intel-xeon-8168",0,
f72s-v2,fsv2,f72s v2,compute,72,144,576,0,"intel-xeon-8370c,intel-xeon-8272cl,intel-xeon-8168",0,
f8,fv1,f8,compute,8,16,128,0,intel-xeon-e52673v4,0,
f8als-v6,falsv6,f8als v6,compute,8,16,0,0,amd-epyc-9004,0,
f8ams-v6,famsv6,f8ams v6,compute,8,64,0,0,amd-epyc-9004,0,
f8as-v6,fasv6,f8as v6,compute,8,32,0,0,amd-epyc-9004,0,
f8s,fsv1,f8s,compute,8,16,32,0,Intel Xeon 8171M,0,
f8s-v2,fsv2,f8s v2,compute,8,16,64,0,"intel-xeon-8370c,intel-xeon-8272cl,intel-xeon-8168",0,
fx12mds,fx,fx12mds,compute,12,252,504,0,intel-xeon-6246r,0,
fx16-4mds-v2,fxmdsv2,fx16-4mds v2,compute,16,336,880,0,intel-xeon-8573c,0,
fx16mds-v2,fxmdsv2,fx16mds v2,compute,16,336,880,0,intel-xeon-8573c,0,
fx16ms-v2,fxmsv2,fx16ms v2,compute,16,336,0,0,intel-xeon-8573c,0,
fx24mds,fx,fx24mds,compute,24,504,1008,0,intel-xeon-6246r,0,
fx2mds-v2,fxmdsv2,fx2mds v2,compute,2,42,110,0,intel-xeon-8573c,0,
fx2ms-v2,fxmsv2,fx2ms v2,compute,2,42,0,0,intel-xeon-8573c,0,
fx32-16mds-v2,fxmdsv2,fx32-16mds v2,compute,32,672,1760,0,intel-xeon-8573c,0,
fx32mds-v2,fxmdsv2,fx32mds v2,compute,32,672,1760,0,intel-xeon-8573c,0,
fx32ms-v2,fxmsv2,fx32ms v2,compute,32,672,0,0,intel-xeon-8573c,0,
fx36mds,fx,fx36mds,compute,36,756,1512,0,intel-xeon-6246r,0,
fx4-2mds-v2,fxmdsv2,fx4-2mds v2,compute,4,84,220,0,intel-xeon-8573c,0,
fx48-12mds-v2,fxmdsv2,fx48-12mds v2,compute,48,1008,2640,0,intel-xeon-8573c,0,
fx48mds,fx,fx48mds,compute,48,1008,2016,0,intel-xeon-6246r,0,
fx48mds-v2,fxmdsv2,fx48mds v2,compute,48,1008,2640,0,intel-xeon-8573c,0,
fx48ms-v2,fxmsv2,fx48ms v2,compute,48,1008,0,0,intel-xeon-8573c,0,
fx4mds,fx,fx4mds,compute,4,84,168,0,intel-xeon-6246r,0,
fx4mds-v2,fxmdsv2,fx4mds v2,compute,4,84,220,0,intel-xeon-8573c,0,
fx4ms-v2,fxmsv2,fx4ms v2,compute,4,84,0,0,intel-xeon-8573c,0,
fx64-16mds-v2,fxmdsv2,fx64-16mds v2,compute,64,1344,3520,0,intel-xeon-8573c,0,
fx64mds-v2,fxmdsv2,fx64mds v2,compute,64,1344,3520,0,intel-xeon-8573c,0,
fx64ms-v2,fxmsv2,fx64ms v2,compute,64,1344,0,0,intel-xeon-8573c,0,
fx8-2mds-v2,fxmdsv2,fx8-2mds v2,compute,8,168,440,0,intel-xeon-8573c,0,
fx8mds-v2,fxmdsv2,fx8mds v2,compute,8,168,440,0,intel-xeon-8573c,0,
fx8ms-v2,fxmsv2,fx8ms v2,compute,8,168,0,0,intel-xeon-8573c,0,
fx96mds-v2,fxmdsv2,fx96mds v2,compute,96,1832,5280,0,intel-xeon-8573c,0,
fx96ms-v2,fxmsv2,fx96ms v2,compute,96,1832,0,0,intel-xeon-8573c,0,
g1,gv1,g1,compute,2,28,384,0,intel-xeon-e52698bv3,0,
g2,gv1,g2,compute,4,56,768,0,intel-xeon-e52698bv3,0,
g3,gv1,g3,compute,8,112,1536,0,intel-xeon-e52698bv3,0,
g4,gv1,g4,compute,16,224,3072,0,intel-xeon-e52698bv3,0,
g5,gv1,g5,compute,32,448,6144,0,intel-xeon-e52698bv3,0,
gs1,gsv1,gs1,compute,2,28,56,0,intel-xeon-e52698bv3,0,
gs2,gsv1,gs2,compute,4,56,112,0,intel-xeon-e52698bv3,0,
gs3,gsv1,gs3,compute,8,112,224,0,intel-xeon-e52698bv3,0,
gs4-4,gsv1,gs4-4,compute,16,224,3072,0,intel-xeon-e52698bv3,0,
gs5-16,gsv1,gs5-16,compute,32,448,6144,0,intel-xeon-e52698bv3,0,
hb120-16rs-v2,hbv2,hb120-16rs v2,performance,16,456,960,0,amd-epyc-7v12,0,
hb120-16rs-v3,hbv3,hb120-16rs v3,performance,16,448,2400,0,amd-epyc-7v73x,0,
hb120-32rs-v2,hbv2,hb120-32rs v2,performance,32,456,960,0,amd-epyc-7v12,0,
hb120-32rs-v3,hbv3,hb120-32rs v3,performance,32,448,2400,0,amd-epyc-7v73x,0,
hb120-64rs-v2,hbv2,hb120-64rs v2,performance,64,456,960,0,amd-epyc-7v12,0,
hb120-64rs-v3,hbv3,hb120-64rs v3,performance,64,448,2400,0,amd-epyc-7v73x,0,
hb120-96rs-v2,hbv2,hb120-96rs v2,performance,96,456,960,0,amd-epyc-7v12,0,
hb120-96rs-v3,hbv3,hb120-96rs v3,performance,96,448,2400,0,amd-epyc-7v73x,0,
hb120rs-v2,hbv2,hb120rs v2,performance,120,456,960,0,amd-epyc-7v12,0,
hb120rs-v3,hbv3,hb120rs v3,performance,120,448,2400,0,amd-epyc-7v73x,0,
hb176-144rs-v4,hbv4,hb176-144rs v4,performance,144,768,4080,0,amd-epyc-9v33x,0,
hb176-24rs-v4,hbv4,hb176-24rs v4,performance,24,768,4080,0,amd-epyc-9v33x,0,
hb176-48rs-v4,hbv4,hb176-48rs v4,performance,48,768,4080,0,amd-epyc-9v33x,0,
hb176-96rs-v4,hbv4,hb176-96rs v4,performance,96,768,4080,0,amd-epyc-9v33x,0,
hb176rs-v4,hbv4,hb176rs v4,performance,176,768,4080,0,amd-epyc-9v33x,0,
hb60-15rs,hbv1,hb60-15rs,performance,15,263,700,0,amd-epyc-7551,0,
hb60-30rs,hbv1,hb60-30rs,performance,30,263,700,0,amd-epyc-7551,0,
hb60-45rs,hbv1,hb60-45rs,performance,45,263,700,0,amd-epyc-7551,0,
hb60rs,hbv1,hb60rs,performance,60,263,700,0,amd-epyc-7551,0,
hc44-16rs,hcv1,hc44-16rs,performance,16,352,700,0,intel-xeon-8168,0,
hc44-32rs,hcv1,hc44-32rs,performance,32,352,700,0,intel-xeon-8168,0,
hc44rs,hcv1,hc44rs,performance,44,352,700,0,intel-xeon-8168,0,
hx176-144rs,hxv1,hx176-144rs,performance,144,1408,4080,0,amd-epyc-9v33x,0,
hx176-24rs,hxv1,hx176-24rs,performance,24,1408,4080,0,amd-epyc-9v33x,0,
hx176-48rs,hxv1,hx176-48rs,performance,48,1408,4080,0,amd-epyc-9v33x,0,
hx176-96rs,hxv1,hx176-96rs,performance,96,1408,4080,0,amd-epyc-9v33x,0,
hx176rs,hxv1,hx176rs,performance,176,1408,4080,0,amd-epyc-9v33x,0,
l16as-v3,lasv3,l16as v3,storage,16,128,160,0,amd-epyc-7763v,0,
l16s,lsv1,l16s,storage,16,128,2807,0,intel-xeon-e52698bv3,0,
l16s-v2,lsv2,l16s v2,storage,16,128,160,0,amd-epyc-7551,0,
l16s-v3,lsv3,l16s v3,storage,16,128,160,0,intel-xeon-8370c,0,
l32as-v3,lasv3,l32as v3,storage,32,256,320,0,amd-epyc-7763v,0,
l32s,lsv1,l32s,storage,32,256,5630,0,intel-xeon-e52698bv3,0,
l32s-v2,lsv2,l32s v2,storage,32,256,320,0,amd-epyc-7551,0,
l32s-v3,lsv3,l32s v3,storage,32,256,320,0,intel-xeon-8370c,0,
l48as-v3,lasv3,l48as v3,storage,48,384,480,0,amd-epyc-7763v,0,
l48s-v2,lsv2,l48s v2,storage,48,384,480,0,amd-epyc-7551,0,
l48s-v3,lsv3,l48s v3,storage,48,384,480,0,intel-xeon-8370c,0,
l4s,lsv1,l4s,storage,4,32,678,0,intel-xeon-e52698bv3,0,
l64as-v3,lasv3,l64as v3,storage,64,512,640,0,amd-epyc-7763v,0,
l64s-v2,lsv2,l64s v2,storage,64,512,640,0,amd-epyc-7551,0,
l64s-v3,lsv3,l64s v3,storage,64,512,640,0,intel-xeon-8370c,0,
l80as-v3,lasv3,l80as v3,storage,80,640,800,0,amd-epyc-7763v,0,
l80s-v2,lsv2,l80s v2,storage,80,640,800,0,amd-epyc-7551,0,
l80s-v3,lsv3,l80s v3,storage,80,640,800,0,intel-xeon-8370c,0,
l8as-v3,lasv3,l8as v3,storage,8,64,80,0,amd-epyc-7763v,0,
l8s,lsv1,l8s,storage,8,64,1388,0,intel-xeon-e52698bv3,0,
l8s-v2,lsv2,l8s v2,storage,8,64,80,0,amd-epyc-7551,0,
l8s-v3,lsv3,l8s v3,storage,8,64,80,0,intel-xeon-8370c,0,
m128bds-v3,mbdsv3,m128bds v3,memory,128,1024,400,0,intel-xeon-8480c,0,
m128bds3-v3,mbdsv3,m128bds3 v3,memory,128,2794,6000,0,intel-xeon-8480c,0,
m128bs-v3,mbsv3,m128bs v3,memory,128,1024,0,0,intel-xeon-8480c,0,
m128dms-v2,mdsv2,m128dms v2,memory,128,3892,4096,0,intel-xeon-8480c,0,
m128ds-v2,mdsv2,m128ds v2,memory,128,2048,4096,0,intel-xeon-8480c,0,
m128m,mv1,m128m,memory,128,3892,14336,0,"intel-xeon-e78890v3,intel-xeon-8280m",0,
m128ms,mv1,m128ms,memory,128,3892,4096,0,"intel-xeon-e78890v3,intel-xeon-8280m",0,
m128ms-v2,msv2,m128ms v2,memory,128,3892,0,0,intel-xeon-8280,0,
m128s,mv1,m128s,memory,128,2048,4096,0,"intel-xeon-e78890v3,intel-xeon-8280m",0,
m128s-v2,msv2,m128s v2,memory,128,2048,0,0,intel-xeon-8280,0,
m12ds-v3,mdsv3,m12ds v3,memory,12,240,400,0,intel-xeon-8480c,0,
m12s-v3,msv3,m12s v3,memory,12,240,0,0,intel-xeon-8480c,0,
m16bds-v3,mbdsv3,m16bds v3,memory,16,128,400,0,intel-xeon-8480c,0,
m16bs-v3,mbsv3,m16bs v3,memory,16,128,0,0,intel-xeon-8480c,0,
m16ms,mv1,m16ms,memory,16,438,512,0,"intel-xeon-e78890v3,intel-xeon-8280m",0,
m176bds-v3,mbdsv3,m176bds v3,memory,176,1536,400,0,intel-xeon-8480c,0,
m176bds4-v3,mbdsv3,m176bds4 v3,memory,176,3892,8000,0,intel-xeon-8480c,0,
m176bs-v3,mbsv3,m176bs v3,memory,176,1536,0,0,intel-xeon-8480c,0,
m176ds3-v3,mdsv3,m176ds3 v3,memory,176,2794,400,0,intel-xeon-8480c,0,
m176ds4-v3,mdsv3,m176ds4 v3,memory,176,3892,400,0,intel-xeon-8480c,0,
m176s3-v3,msv3,m176s3 v3,memory,176,2794,0,0,intel-xeon-8480c,0,
m176s4-v3,msv3,m176s4 v3,memory,176,3892,0,0,intel-xeon-8480c,0,
m1792ixds32-v3,mdsv3,m1792ixds32 v3,memory,1792,30400,4096,0,intel-xeon-8490h,0,
m192idms-v2,mdsv2,m192idms v2,memory,192,4096,4096,0,intel-xeon-8480c,0,
m192ids-v2,mdsv2,m192ids v2,memory,192,2048,4096,0,intel-xeon-8480c,0,
m192ims-v2,msv2,m192ims v2,memory,192,4096,0,0,intel-xeon-8280,0,
m192is-v2,msv2,m192is v2,memory,192,2048,0,0,intel-xeon-8280,0,
m208ms-v2,mv2,m208ms v2,memory,208,5700,4096,0,intel-xeon-8180m,0,
m208s-v2,mv2,m208s v2,memory,208,2850,4096,0,intel-xeon-8180m,0,
m24ds-v3,mdsv3,m24ds v3,memory,24,480,400,0,intel-xeon-8480c,0,
m24s-v3,msv3,m24s v3,memory,24,480,0,0,intel-xeon-8480c,0,
m32bds-v3,mbdsv3,m32bds v3,memory,32,256,400,0,intel-xeon-8480c,0,
m32bs-v3,mbsv3,m32bs v3,memory,32,256,0,0,intel-xeon-8480c,0,
m32dms-v2,mdsv2,m32dms v2,memory,32,875,1024,0,intel-xeon-8480c,0,
m32ls,mv1,m32ls,memory,32,256,1024,0,"intel-xeon-e78890v3,intel-xeon-8280m",0,
m32ms,mv1,m32ms,memory,32,875,1024,0,"intel-xeon-e78890v3,intel-xeon-8280m",0,
m32ms-v2,msv2,m32ms v2,memory,32,875,0,0,intel-xeon-8280,0,
m32ts,mv1,m32ts,memory,32,192,1024,0,"intel-xeon-e78890v3,intel-xeon-8280m",0,
m416ds6-v3,mdsv3,m416ds6 v3,memory,416,5700,400,0,intel-xeon-8480c,0,
m416ds8-v3,mdsv3,m416ds8 v3,memory,416,7600,400,0,intel-xeon-8480c,0,
m416ms-v2,mv2,m416ms v2,memory,416,11400,8192,0,intel-xeon-8180m,0,
m416s-v2,mv2,m416s v2,memory,416,5700,8192,0,intel-xeon-8180m,0,
m416s6-v3,msv3,m416s6 v3,memory,416,5700,0,0,intel-xeon-8480c,0,
m416s8-v3,msv3,m416s8 v3,memory,416,7600,0,0,intel-xeon-8480c,0,
m48bds-v3,mbdsv3,m48bds v3,memory,48,384,400,0,intel-xeon-8480c,0,
m48bs-v3,mbsv3,m48bs v3,memory,48,384,0,0,intel-xeon-8480c,0,
m48ds1-v3,mdsv3,m48ds1 v3,memory,48,974,400,0,intel-xeon-8480c,0,
m48s1-v3,msv3,m48s1 v3,memory,48,974,0,0,intel-xeon-8480c,0,
m624ds12-v3,mdsv3,m624ds12 v3,memory,624,11400,400,0,intel-xeon-8480c,0,
m624s12-v3,msv3,m624s12 v3,memory,624,11400,0,0,intel-xeon-8480c,0,
m624s12-v3,msv3,m624s12 v3,memory,624,11400,0,0,intel-xeon-8480c,0,
m64bds-v3,mbdsv3,m64bds v3,memory,64,512,400,0,intel-xeon-8480c,0,
m64bds1-v3,mbdsv3,m64bds1 v3,memory,64,1397,3000,0,intel-xeon-8480c,0,
m64bs-v3,mbsv3,m64bs v3,memory,64,512,0,0,intel-xeon-8480c,0,
m64dms-v2,mdsv2,m64dms v2,memory,64,1792,2048,0,intel-xeon-8480c,0,
m64ds-v2,mdsv2,m64ds v2,memory,64,1024,2048,0,intel-xeon-8480c,0,
m64ls,mv1,m64ls,memory,64,512,2048,0,"intel-xeon-e78890v3,intel-xeon-8280m",0,
m64m,mv1,m64m,memory,64,1792,7168,0,"intel-xeon-e78890v3,intel-xeon-8280m",0,
m64ms,mv1,m64ms,memory,64,1792,2048,0,"intel-xeon-e78890v3,intel-xeon-8280m",0,
m64ms-v2,msv2,m64ms v2,memory,64,1792,0,0,intel-xeon-8280,0,
m64s,mv1,m64s,memory,64,1024,2048,0,"intel-xeon-e78890v3,intel-xeon-8280m",0,
m64s-v2,msv2,m64s v2,memory,64,1024,0,0,intel-xeon-8280,0,
m832ds12-v3,mdsv3,m832ds12 v3,memory,832,15200,400,0,intel-xeon-8480c,0,
m832ids16-v3,mdsv3,m832ids16 v3,memory,832,11400,400,0,intel-xeon-8480c,0,
m832is16-v3,msv3,m832is16 v3,memory,832,15200,0,0,intel-xeon-8480c,0,
m832is168-v3,msv3,m832is168 v3,memory,832,15200,0,0,intel-xeon-8480c,0,
m832s12-v3,msv3,m832s12 v3,memory,832,11400,0,0,intel-xeon-8480c,0,
m832s12-v3,msv3,m832s12 v3,memory,832,11400,0,0,intel-xeon-8480c,0,
m896ixds32-v3,mdsv3,m896ixds32 v3,memory,896,30400,4096,0,intel-xeon-8490h,0,
m8ms,mv1,m8ms,memory,8,219,256,0,"intel-xeon-e78890v3,intel-xeon-8280m",0,
m96bds-v3,mbdsv3,m96bds v3,memory,96,768,400,0,intel-xeon-8480c,0,
m96bds2-v3,mbdsv3,m96bds2 v3,memory,96,1946,4500,0,intel-xeon-8480c,0,
m96bs-v3,mbsv3,m96bs v3,memory,96,768,0,0,intel-xeon-8480c,0,
m96ds1-v3,mdsv3,m96ds1 v3,memory,96,974,400,0,intel-xeon-8480c,0,
m96ds2-v3,mdsv3,m96ds2 v3,memory,96,1946,400,0,intel-xeon-8480c,0,
m96s1-v3,msv3,m96s1 v3,memory,96,974,0,0,intel-xeon-8480c,0,
m96s2-v3,msv3,m96s2 v3,memory,96,1946,0,0,intel-xeon-8480c,0,
nc12,ncv1,nc12,accelerated,12,112,680,0,intel-xeon-e52690v3,2,nvidia-tesla-k80
nc12s-v2,ncv2,nc12s v2,accelerated,12,224,1474,0,intel-xeon-e52690v4,2,nvidia-tesla-p10016
nc12s-v3,ncv3,nc12s v3,accelerated,12,224,1474,0,intel-xeon-e52690v4,2,nvidia-tesla-v10016
nc16as-t4-v3,ncast4v3,nc16as t4 v3,accelerated,16,110,360,0,amd-epyc-9004,1,nvidia-tesla-t4
nc24,ncv1,nc24,accelerated,24,224,1440,0,intel-xeon-e52690v3,4,nvidia-tesla-k80
nc24ads-a100-v4,nca100v4,nc24ads a100 v4,accelerated,24,220,958,0,amd-epyc-7v13,1,nvidia-tesla-a10080
nc24r,ncv1,nc24r,accelerated,24,224,1440,0,intel-xeon-e52690v3,4,nvidia-tesla-k80
nc24rs-v2,ncv2,nc24rs v2,accelerated,24,448,2948,0,intel-xeon-e52690v4,4,nvidia-tesla-p10016
nc24rs-v3,ncv3,nc24rs v3,accelerated,24,448,2948,0,intel-xeon-e52690v4,4,nvidia-tesla-v10016
nc24s-v2,ncv2,nc24s v2,accelerated,24,448,2948,0,intel-xeon-e52690v4,4,nvidia-tesla-p10016
nc24s-v3,ncv3,nc24s v3,accelerated,24,448,2948,0,intel-xeon-e52690v4,4,nvidia-tesla-v10016
nc40ads-h100-v5,ncadsh100v5,nc40ads h100 v5,accelerated,40,320,3576,0,amd-epyc-9004,1,nvidia-tesla-h10094
nc48ads-a100-v4,nca100v4,nc48ads a100 v4,accelerated,48,440,1916,0,amd-epyc-7v13,2,nvidia-tesla-a10080
nc4as-t4-v3,ncast4v3,nc4as t4 v3,accelerated,4,28,180,0,amd-epyc-9004,1,nvidia-tesla-t4
nc6,ncv1,nc6,accelerated,6,56,340,0,intel-xeon-e52690v3,1,nvidia-tesla-k80
nc64as-t4-v3,ncast4v3,nc64as t4 v3,accelerated,64,448,2880,0,amd-epyc-9004,4,nvidia-tesla-t4
nc6s-v2,ncv2,nc6s v2,accelerated,6,112,736,0,intel-xeon-e52690v4,1,nvidia-tesla-p10016
nc6s-v3,ncv3,nc6s v3,accelerated,6,112,736,0,intel-xeon-e52690v4,1,nvidia-tesla-v10016
nc80adis-h100-v5,ncadsh100v5,nc80adis h100 v5,accelerated,80,640,7152,0,amd-epyc-9004,2,nvidia-tesla-h10094
nc8as-t4-v3,ncast4v3,nc8as t4 v3,accelerated,8,56,360,0,amd-epyc-9004,1,nvidia-tesla-t4
nc96ads-a100-v4,nca100v4,nc96ads a100 v4,accelerated,96,880,3832,0,amd-epyc-7v13,4,nvidia-tesla-a10080
ncc40ads-h100-v5,nccadsh100v5,ncc40ads h100 v5,accelerated,40,320,3576,0,amd-epyc-9004,1,nvidia-tesla-h10094
nd12s,ndv1,nd12s,accelerated,12,224,1474,0,intel-xeon-e52690v4,2,nvidia-tesla-p40
nd24rs,ndv1,nd24rs,accelerated,24,448,2948,0,intel-xeon-e52690v4,4,nvidia-tesla-p40
nd24s,ndv1,nd24s,accelerated,24,448,2948,0,intel-xeon-e52690v4,4,nvidia-tesla-p40
nd40rs-v2,ndv2,nd40rs v2,accelerated,40,672,2900,0,intel-xeon-8168,8,nvidia-tesla-v10032
nd6s,ndv1,nd6s,accelerated,6,112,736,0,intel-xeon-e52690v4,1,nvidia-tesla-p40
nd96amsr-a100-v4,ndma100v4,nd96amsr a100 v4,accelerated,96,1923,6553,0,amd-epyc-7v12,8,nvidia-tesla-a10080
nd96asr-a100-v4,ndasra100v4,nd96asr a100 v4,accelerated,96,900,6500,0,amd-epyc-7v12,8,nvidia-tesla-a10040
nd96isr-h100-v5,ndh100v5,nd96isr h100 v5,accelerated,96,1900,28000,0,intel-xeon-8480c,8,nvidia-tesla-h10080
nd96isr-h200-v5,ndh200v5,nd96isr h200 v5,accelerated,96,1900,28000,0,intel-xeon-8480c,8,nvidia-tesla-h200
nd96isr-mi300x-v5,ndmi300xv5,nd96isr mi300x v5,accelerated,96,1900,28000,0,intel-xeon-8480c,8,amd-radeon-mi300x
ng16ads-v620-v1,ngadsv620,ng16ads v620 v1,accelerated,16,32,512,0,amd-epyc-7763,0.5,amd-radeon-v620
ng32adms-v620-v1,ngadsv620,ng32adms v620 v1,accelerated,32,176,1024,0,amd-epyc-7763,1,amd-radeon-v620
ng32ads-v620-v1,ngadsv620,ng32ads v620 v1,accelerated,32,64,1024,0,amd-epyc-7763,1,amd-radeon-v620
ng8ads-v620-v1,ngadsv620,ng8ads v620 v1,accelerated,8,16,256,0,amd-epyc-7763,0.25,amd-radeon-v620
nm16ads-ma35d,nmadsma35d,nm16ads ma35d,accelerated,16,30,71,0,amd-epyc-9004,1,amd-alveo-ma35d
np10s,np,np10s,accelerated,10,192,700,0,intel-xeon-8171m,1,amd-alveo-u250
np20s,np,np20s,accelerated,20,384,1400,0,intel-xeon-8171m,2,amd-alveo-u250
np40s,np,np40s,accelerated,40,768,2800,0,intel-xeon-8171m,4,amd-alveo-u250
nv12,nvv1,nv12,accelerated,12,112,680,0,intel-xeon-e52690v3,2,nvidia-tesla-m60
nv12ads-a10-v5,nvadsa10v5,nv12ads a10 v5,accelerated,12,110,320,0,amd-epyc-74f3v,0.333333333,nvidia-tesla-a10
nv12ads-v710-v5,nvadsv710v5,nv12ads v710 v5,accelerated,12,64,768,0,amd-epyc-9v64f,0.5,amd-radeon-v710
nv12s-v3,nvv3,nv12s v3,accelerated,12,112,736,0,intel-xeon-e52690v4,1,nvidia-tesla-m60
nv16as-v4,nvv4,nv16as v4,accelerated,16,56,352,0,amd-epyc-7v12,0.5,amd-radeon-mi25
nv18ads-a10-v5,nvadsa10v5,nv18ads a10 v5,accelerated,18,220,720,0,amd-epyc-74f3v,0.5,nvidia-tesla-a10
nv24,nvv1,nv24,accelerated,24,224,1440,0,intel-xeon-e52690v3,1,nvidia-tesla-m60
nv24ads-v710-v5,nvadsv710v5,nv24ads v710 v5,accelerated,24,128,1536,0,amd-epyc-9v64f,1,amd-radeon-v710
nv24s-v3,nvv3,nv24s v3,accelerated,24,224,1474,0,intel-xeon-e52690v4,2,nvidia-tesla-m60
nv28ads-v710-v5,nvadsv710v5,nv28ads v710 v5,accelerated,28,160,1536,0,amd-epyc-9v64f,1,amd-radeon-v710
nv32as-v4,nvv4,nv32as v4,accelerated,32,112,700,0,amd-epyc-7v12,1,amd-radeon-mi25
nv36adms-a10-v5,nvadsa10v5,nv36adms a10 v5,accelerated,36,880,720,0,amd-epyc-74f3v,1,nvidia-tesla-a10
nv36ads-a10-v5,nvadsa10v5,nv36ads a10 v5,accelerated,36,440,720,0,amd-epyc-74f3v,1,nvidia-tesla-a10
nv48s-v3,nvv3,nv48s v3,accelerated,48,448,2948,0,intel-xeon-e52690v4,4,nvidia-tesla-m60
nv4ads-v710-v5,nvadsv710v5,nv4ads v710 v5,accelerated,4,16,256,0,amd-epyc-9v64f,0.166666667,amd-radeon-v710
nv4as-v4,nvv4,nv4as v4,accelerated,4,14,88,0,amd-epyc-7v12,0.125,amd-radeon-mi25
nv6,nvv1,nv6,accelerated,6,56,340,0,intel-xeon-e52690v3,4,nvidia-tesla-m60
nv6adsv5,nvadsa10v5,nv6adsv5,accelerated,6,55,180,0,amd-epyc-74f3v,0.166666667,nvidia-tesla-a10
nv72ads-a10-v5,nvadsa10v5,nv72ads a10 v5,accelerated,72,880,1400,0,amd-epyc-74f3v,2,nvidia-tesla-a10
nv8ads-v710-v5,nvadsv710v5,nv8ads v710 v5,accelerated,8,32,512,0,amd-epyc-9v64f,0.333333333,amd-radeon-v710
nv8as-v4,nvv4,nv8as v4,accelerated,8,28,176,0,amd-epyc-7v12,0.25,amd-radeon-mi25
s144,sv1,s144,performance,144,1536,6144,0,intel-xeon-e78890v3,0,
s144m,sv1,s144m,performance,144,3072,12288,0,intel-xeon-e78890v3,0,
s192,sv1,s192,performance,192,2048,8192,0,intel-xeon-e78890v4,0,
s192m,sv1,s192m,performance,192,4096,16384,0,intel-xeon-e78890v4,0,
s192xm,sv1,s192xm,performance,192,6144,16384,0,intel-xeon-e78890v4,0,
s224,sv1,s224,performance,224,3072,6450,0,intel-xeon-8276,0,
s224m,sv1,s224m,performance,224,6144,10752,0,intel-xeon-8276,0,
s224om,sv1,s224om,performance,224,6144,10752,0,intel-xeon-8276,0,
s224oo,sv1,s224oo,performance,224,4608,8600,0,intel-xeon-8276,0,
s224oom,sv1,s224oom,performance,224,9216,14375,0,intel-xeon-8276,0,
s224ooo,sv1,s224ooo,performance,224,7680,12312,0,intel-xeon-8276,0,
s384,sv2,s384,performance,384,4096,16384,0,intel-xeon-e78890v4,0,
s384m,sv2,s384m,performance,384,6144,18432,0,intel-xeon-e78890v4,0,
s384xm,sv2,s384xm,performance,384,8192,22528,0,intel-xeon-e78890v4,0,
s384xxm,sv2,s384xxm,performance,384,12000,28250,0,intel-xeon-e78890v4,0,
s448,sv2,s448,performance,448,6144,10250,0,intel-xeon-8276,0,
s448m,sv2,s448m,performance,448,12288,18500,0,intel-xeon-8276,0,
s448om,sv2,s448om,performance,448,12288,18500,0,intel-xeon-8276,0,
s448oo,sv2,s448oo,performance,448,9216,14375,0,intel-xeon-8276,0,
s448oom,sv2,s448oom,performance,448,18432,26750,0,intel-xeon-8276,0,
s448ooo,sv2,s448ooo,performance,448,15360,22625,0,intel-xeon-8276,0,
s576m,sv2,s576m,performance,576,12000,28250,0,intel-xeon-e78890v4,0,
s576xm,sv2,s576xm,performance,576,18432,41984,0,intel-xeon-e78890v4,0,
s672,sv2,s672,performance,672,9216,14375,0,intel-xeon-8276,0,
s672m,sv2,s672m,performance,672,18432,26750,0,intel-xeon-8276,0,
s672om,sv2,s672om,performance,672,18432,26750,0,intel-xeon-8276,0,
s672oo,sv2,s672oo,performance,672,13824,20563,0,intel-xeon-8276,0,
s672oom,sv2,s672oom,performance,672,27648,39125,0,intel-xeon-8276,0,
s672ooo,sv2,s672ooo,performance,672,23040,32938,0,intel-xeon-8276,0,
s72,sv1,s72,performance,72,768,3072,0,intel-xeon-e78890v3,0,
s72m,sv1,s72m,performance,72,1536,6144,0,intel-xeon-e78890v3,0,
s768m,sv2,s768m,performance,768,16384,36864,0,intel-xeon-e78890v4,0,
s768xm,sv2,s768xm,performance,768,24576,57344,0,intel-xeon-e78890v4,0,
s896,sv2,s896,performance,896,12288,18500,0,intel-xeon-8276,0,
s896m,sv2,s896m,performance,896,24576,35000,0,intel-xeon-8276,0,
s896om,sv2,s896om,performance,896,24576,35000,0,intel-xeon-8276,0,
s896oo,sv2,s896oo,performance,896,18432,26750,0,intel-xeon-8276,0,
s896oom,sv2,s896oom,performance,896,36864,51500,0,intel-xeon-8276,0,
s896ooo,sv2,s896ooo,performance,896,30720,43250,0,intel-xeon-8276,0,
s96,sv1,s96,performance,96,768,3072,0,intel-xeon-e78890v4,0,
s960m,sv2,s960m,performance,896,20480,47104,0,intel-xeon-e78890v4,0,
