id,family,category,vcpus,memory,ssd,hdd,cpu
a2-highgpu-1g,a2-highgpu-1g,accelerated,12,85,375,,intel-xeon-8273cl
a2-highgpu-2g,a2-highgpu-2g,accelerated,24,170,375,,intel-xeon-8273cl
a2-highgpu-4g,a2-highgpu-4g,accelerated,48,340,375,,intel-xeon-8273cl
a2-highgpu-8g,a2-highgpu-8g,accelerated,96,680,375,,intel-xeon-8273cl
a2-megagpu-16g,a2-megagpu-16g,accelerated,96,1360,375,,intel-xeon-8273cl
a2-ultragpu-1g,a2-ultragpu-1g,accelerated,12,170,375,,intel-xeon-8273cl
a2-ultragpu-2g,a2-ultragpu-2g,accelerated,24,340,750,,intel-xeon-8273cl
a2-ultragpu-4g,a2-ultragpu-4g,accelerated,48,680,1500,,intel-xeon-8273cl
a2-ultragpu-8g,a2-ultragpu-8g,accelerated,96,1360,3000,,intel-xeon-8273cl
a3-edgegpu-8g,a3-edgegpu-8g,accelerated,208,1872,6000,,intel-xeon-8481c
a3-highgpu-1g,a3-highgpu-1g,accelerated,26,234,750,,intel-xeon-8481c
a3-highgpu-2g,a3-highgpu-2g,accelerated,52,468,1500,,intel-xeon-8481c
a3-highgpu-4g,a3-highgpu-4g,accelerated,104,936,3000,,intel-xeon-8481c
a3-highgpu-8g,a3-highgpu-8g,accelerated,208,1872,6000,,intel-xeon-8481c
a3-megagpu-8g,a3-megagpu-8g,accelerated,208,1872,6000,,intel-xeon-8481c
a3-ultra-8g,a3-ultra-8g,accelerated,224,2952,12000,,intel-xeon-8581c
c2-standard-16,c2-standard-16,compute,16,64,375,,intel-xeon-6253cl
c2-standard-30,c2-standard-30,compute,30,120,375,,intel-xeon-6253cl
c2-standard-4,c2-standard-4,compute,4,16,375,,intel-xeon-6253cl
c2-standard-60,c2-standard-60,compute,60,240,375,,intel-xeon-6253cl
c2-standard-8,c2-standard-8,compute,8,32,375,,intel-xeon-6253cl
c2d-highcpu-112,c2d-highcpu-112,compute,112,224,375,,amd-epyc-7b13
c2d-highcpu-16,c2d-highcpu-16,compute,16,32,375,,amd-epyc-7b13
c2d-highcpu-2,c2d-highcpu-2,compute,2,4,375,,amd-epyc-7b13
c2d-highcpu-32,c2d-highcpu-32,compute,32,64,375,,amd-epyc-7b13
c2d-highcpu-4,c2d-highcpu-4,compute,4,8,375,,amd-epyc-7b13
c2d-highcpu-56,c2d-highcpu-56,compute,56,112,375,,amd-epyc-7b13
c2d-highcpu-8,c2d-highcpu-8,compute,8,16,375,,amd-epyc-7b13
c2d-highmem-112,c2d-highmem-112,compute,112,896,375,,amd-epyc-7b13
c2d-highmem-16,c2d-highmem-16,compute,16,128,375,,amd-epyc-7b13
c2d-highmem-2,c2d-highmem-2,compute,2,16,375,,amd-epyc-7b13
c2d-highmem-32,c2d-highmem-32,compute,32,256,375,,amd-epyc-7b13
c2d-highmem-4,c2d-highmem-4,compute,4,32,375,,amd-epyc-7b13
c2d-highmem-56,c2d-highmem-56,compute,56,448,375,,amd-epyc-7b13
c2d-highmem-8,c2d-highmem-8,compute,8,64,375,,amd-epyc-7b13
c2d-standard-112,c2d-standard-112,compute,112,448,375,,amd-epyc-7b13
c2d-standard-16,c2d-standard-16,compute,16,64,375,,amd-epyc-7b13
c2d-standard-2,c2d-standard-2,compute,2,8,375,,amd-epyc-7b13
c2d-standard-32,c2d-standard-32,compute,32,128,375,,amd-epyc-7b13
c2d-standard-4,c2d-standard-4,compute,4,16,375,,amd-epyc-7b13
c2d-standard-56,c2d-standard-56,compute,56,224,375,,amd-epyc-7b13
c2d-standard-8,c2d-standard-8,compute,8,32,375,,amd-epyc-7b13
c3-highcpu-176,c3-highcpu-176,general,176,352,0,,intel-xeon-8481c
c3-highcpu-192-metal,c3-highcpu-192-metal,general,192,512,0,,intel-xeon-8481c
c3-highcpu-22,c3-highcpu-22,general,22,44,0,,intel-xeon-8481c
c3-highcpu-4,c3-highcpu-4,general,4,8,0,,intel-xeon-8481c
c3-highcpu-44,c3-highcpu-44,general,44,88,0,,intel-xeon-8481c
c3-highcpu-8,c3-highcpu-8,general,8,16,0,,intel-xeon-8481c
c3-highcpu-88,c3-highcpu-88,general,88,176,0,,intel-xeon-8481c
c3-highmem-176,c3-highmem-176,general,176,1408,0,,intel-xeon-8481c
c3-highmem-192-metal,c3-highmem-192-metal,general,192,1536,0,,intel-xeon-8481c
c3-highmem-22,c3-highmem-22,general,22,176,0,,intel-xeon-8481c
c3-highmem-4,c3-highmem-4,general,4,32,0,,intel-xeon-8481c
c3-highmem-44,c3-highmem-44,general,44,352,0,,intel-xeon-8481c
c3-highmem-8,c3-highmem-8,general,8,64,0,,intel-xeon-8481c
c3-highmem-88,c3-highmem-88,general,88,704,0,,intel-xeon-8481c
c3-standard-176,c3-standard-176,general,176,704,0,,intel-xeon-8481c
c3-standard-176-lssd,c3-standard-176-lssd,general,176,704,12000,,intel-xeon-8481c
c3-standard-192-metal,c3-standard-192-metal,general,192,768,0,,intel-xeon-8481c
c3-standard-22,c3-standard-22,general,22,88,0,,intel-xeon-8481c
c3-standard-22-lssd,c3-standard-22-lssd,general,22,88,1500,,intel-xeon-8481c
c3-standard-4,c3-standard-4,general,4,16,0,,intel-xeon-8481c
c3-standard-4-lssd,c3-standard-4-lssd,general,4,16,375,,intel-xeon-8481c
c3-standard-44,c3-standard-44,general,44,176,0,,intel-xeon-8481c
c3-standard-44-lssd,c3-standard-44-lssd,general,44,176,3000,,intel-xeon-8481c
c3-standard-8,c3-standard-8,general,8,32,0,,intel-xeon-8481c
c3-standard-8-lssd,c3-standard-8-lssd,general,8,32,750,,intel-xeon-8481c
c3-standard-88,c3-standard-88,general,88,352,0,,intel-xeon-8481c
c3-standard-88-lssd,c3-standard-88-lssd,general,88,352,6000,,intel-xeon-8481c
c3d-highcpu-16,c3d-highcpu-16,general,16,32,0,,amd-epyc-9b14
c3d-highcpu-180,c3d-highcpu-180,general,180,354,0,,amd-epyc-9b14
c3d-highcpu-30,c3d-highcpu-30,general,30,59,0,,amd-epyc-9b14
c3d-highcpu-360,c3d-highcpu-360,general,360,708,0,,amd-epyc-9b14
c3d-highcpu-4,c3d-highcpu-4,general,4,8,0,,amd-epyc-9b14
c3d-highcpu-60,c3d-highcpu-60,general,60,118,0,,amd-epyc-9b14
c3d-highcpu-8,c3d-highcpu-8,general,8,16,0,,amd-epyc-9b14
c3d-highcpu-90,c3d-highcpu-90,general,90,177,0,,amd-epyc-9b14
c3d-highmem-16,c3d-highmem-16,general,16,128,0,,amd-epyc-9b14
c3d-highmem-16-lssd,c3d-highmem-16-lssd,general,16,128,375,,amd-epyc-9b14
c3d-highmem-180,c3d-highmem-180,general,180,1440,0,,amd-epyc-9b14
c3d-highmem-180-lssd,c3d-highmem-180-lssd,general,180,1440,6000,,amd-epyc-9b14
c3d-highmem-30,c3d-highmem-30,general,30,240,0,,amd-epyc-9b14
c3d-highmem-30-lssd,c3d-highmem-30-lssd,general,30,240,750,,amd-epyc-9b14
c3d-highmem-360,c3d-highmem-360,general,360,2880,0,,amd-epyc-9b14
c3d-highmem-360-lssd,c3d-highmem-360-lssd,general,360,2880,12000,,amd-epyc-9b14
c3d-highmem-4,c3d-highmem-4,general,4,32,0,,amd-epyc-9b14
c3d-highmem-60,c3d-highmem-60,general,60,480,0,,amd-epyc-9b14
c3d-highmem-60-lssd,c3d-highmem-60-lssd,general,60,480,1500,,amd-epyc-9b14
c3d-highmem-8,c3d-highmem-8,general,8,64,0,,amd-epyc-9b14
c3d-highmem-8-lssd,c3d-highmem-8-lssd,general,8,64,375,,amd-epyc-9b14
c3d-highmem-90,c3d-highmem-90,general,90,720,0,,amd-epyc-9b14
c3d-highmem-90-lssd,c3d-highmem-90-lssd,general,90,720,3000,,amd-epyc-9b14
c3d-standard-16,c3d-standard-16,general,16,64,0,,amd-epyc-9b14
c3d-standard-16-lssd,c3d-standard-16-lssd,general,16,64,375,,amd-epyc-9b14
c3d-standard-180,c3d-standard-180,general,180,720,0,,amd-epyc-9b14
c3d-standard-180-lssd,c3d-standard-180-lssd,general,180,720,6000,,amd-epyc-9b14
c3d-standard-30,c3d-standard-30,general,30,120,0,,amd-epyc-9b14
c3d-standard-30-lssd,c3d-standard-30-lssd,general,30,120,750,,amd-epyc-9b14
c3d-standard-360,c3d-standard-360,general,360,1440,0,,amd-epyc-9b14
c3d-standard-360-lssd,c3d-standard-360-lssd,general,360,1440,12000,,amd-epyc-9b14
c3d-standard-4,c3d-standard-4,general,4,16,0,,amd-epyc-9b14
c3d-standard-60,c3d-standard-60,general,60,240,0,,amd-epyc-9b14
c3d-standard-60-lssd,c3d-standard-60-lssd,general,60,240,1500,,amd-epyc-9b14
c3d-standard-8,c3d-standard-8,general,8,32,0,,amd-epyc-9b14
c3d-standard-8-lssd,c3d-standard-8-lssd,general,8,32,375,,amd-epyc-9b14
c3d-standard-90,c3d-standard-90,general,90,360,0,,amd-epyc-9b14
c3d-standard-90-lssd,c3d-standard-90-lssd,general,90,360,3000,,amd-epyc-9b14
c4-highcpu-16,c4-highcpu-16,general,16,32,0,,intel-xeon-8581c
c4-highcpu-192,c4-highcpu-192,general,192,384,0,,intel-xeon-8581c
c4-highcpu-2,c4-highcpu-2,general,2,4,0,,intel-xeon-8581c
c4-highcpu-32,c4-highcpu-32,general,32,64,0,,intel-xeon-8581c
c4-highcpu-4,c4-highcpu-4,general,4,8,0,,intel-xeon-8581c
c4-highcpu-48,c4-highcpu-48,general,48,96,0,,intel-xeon-8581c
c4-highcpu-8,c4-highcpu-8,general,8,16,0,,intel-xeon-8581c
c4-highcpu-96,c4-highcpu-96,general,96,192,0,,intel-xeon-8581c
c4-highmem-16,c4-highmem-16,general,16,124,0,,intel-xeon-8581c
c4-highmem-192,c4-highmem-192,general,192,1488,0,,intel-xeon-8581c
c4-highmem-2,c4-highmem-2,general,2,15,0,,intel-xeon-8581c
c4-highmem-32,c4-highmem-32,general,32,248,0,,intel-xeon-8581c
c4-highmem-4,c4-highmem-4,general,4,31,0,,intel-xeon-8581c
c4-highmem-48,c4-highmem-48,general,48,372,0,,intel-xeon-8581c
c4-highmem-8,c4-highmem-8,general,8,62,0,,intel-xeon-8581c
c4-highmem-96,c4-highmem-96,general,96,744,0,,intel-xeon-8581c
c4-standard-16,c4-standard-16,general,16,60,0,,intel-xeon-8581c
c4-standard-192,c4-standard-192,general,192,720,0,,intel-xeon-8581c
c4-standard-2,c4-standard-2,general,2,7,0,,intel-xeon-8581c
c4-standard-32,c4-standard-32,general,32,120,0,,intel-xeon-8581c
c4-standard-4,c4-standard-4,general,4,15,0,,intel-xeon-8581c
c4-standard-48,c4-standard-48,general,48,180,0,,intel-xeon-8581c
c4-standard-8,c4-standard-8,general,8,30,0,,intel-xeon-8581c
c4-standard-96,c4-standard-96,general,96,360,0,,intel-xeon-8581c
c4a-highcpu-1,c4a-highcpu-1,general,1,2,0,,google-axion
c4a-highcpu-16,c4a-highcpu-16,general,16,32,0,,google-axion
c4a-highcpu-2,c4a-highcpu-2,general,2,4,0,,google-axion
c4a-highcpu-32,c4a-highcpu-32,general,32,64,0,,google-axion
c4a-highcpu-4,c4a-highcpu-4,general,4,8,0,,google-axion
c4a-highcpu-48,c4a-highcpu-48,general,48,96,0,,google-axion
c4a-highcpu-64,c4a-highcpu-64,general,64,128,0,,google-axion
c4a-highcpu-72,c4a-highcpu-72,general,72,144,0,,google-axion
c4a-highcpu-8,c4a-highcpu-8,general,8,16,0,,google-axion
c4a-highmem-1,c4a-highmem-1,general,1,8,0,,google-axion
c4a-highmem-16,c4a-highmem-16,general,16,128,0,,google-axion
c4a-highmem-2,c4a-highmem-2,general,2,16,0,,google-axion
c4a-highmem-32,c4a-highmem-32,general,32,256,0,,google-axion
c4a-highmem-4,c4a-highmem-4,general,4,32,0,,google-axion
c4a-highmem-48,c4a-highmem-48,general,48,384,0,,google-axion
c4a-highmem-64,c4a-highmem-64,general,64,512,0,,google-axion
c4a-highmem-72,c4a-highmem-72,general,72,576,0,,google-axion
c4a-highmem-8,c4a-highmem-8,general,8,64,0,,google-axion
c4a-standard-1,c4a-standard-1,general,1,4,0,,google-axion
c4a-standard-16,c4a-standard-16,general,16,64,0,,google-axion
c4a-standard-2,c4a-standard-2,general,2,8,0,,google-axion
c4a-standard-32,c4a-standard-32,general,32,128,0,,google-axion
c4a-standard-4,c4a-standard-4,general,4,16,0,,google-axion
c4a-standard-48,c4a-standard-48,general,48,192,0,,google-axion
c4a-standard-64,c4a-standard-64,general,64,256,0,,google-axion
c4a-standard-72,c4a-standard-72,general,72,288,0,,google-axion
c4a-standard-8,c4a-standard-8,general,8,32,0,,google-axion
e2-highcpu-16,e2-highcpu-16,general,16,16,0,,"intel-xeon-8173m,intel-xeon-e52696v4,amd-epyc-7b13,amd-epyc-7b12"
e2-highcpu-2,e2-highcpu-2,general,2,2,0,,"intel-xeon-8173m,intel-xeon-e52696v4,amd-epyc-7b13,amd-epyc-7b12"
e2-highcpu-32,e2-highcpu-32,general,32,32,0,,"intel-xeon-8173m,intel-xeon-e52696v4,amd-epyc-7b13,amd-epyc-7b12"
e2-highcpu-4,e2-highcpu-4,general,4,4,0,,"intel-xeon-8173m,intel-xeon-e52696v4,amd-epyc-7b13,amd-epyc-7b12"
e2-highcpu-8,e2-highcpu-8,general,8,8,0,,"intel-xeon-8173m,intel-xeon-e52696v4,amd-epyc-7b13,amd-epyc-7b12"
e2-highmem-16,e2-highmem-16,general,16,128,0,,"intel-xeon-8173m,intel-xeon-e52696v4,amd-epyc-7b13,amd-epyc-7b12"
e2-highmem-2,e2-highmem-2,general,2,16,0,,"intel-xeon-8173m,intel-xeon-e52696v4,amd-epyc-7b13,amd-epyc-7b12"
e2-highmem-4,e2-highmem-4,general,4,32,0,,"intel-xeon-8173m,intel-xeon-e52696v4,amd-epyc-7b13,amd-epyc-7b12"
e2-highmem-8,e2-highmem-8,general,8,64,0,,"intel-xeon-8173m,intel-xeon-e52696v4,amd-epyc-7b13,amd-epyc-7b12"
e2-medium,e2-medium,general,2,4,0,,"intel-xeon-8173m,intel-xeon-e52696v4,amd-epyc-7b13,amd-epyc-7b12"
e2-micro,e2-micro,general,2,1,0,,"intel-xeon-8173m,intel-xeon-e52696v4,amd-epyc-7b13,amd-epyc-7b12"
e2-small,e2-small,general,2,2,0,,"intel-xeon-8173m,intel-xeon-e52696v4,amd-epyc-7b13,amd-epyc-7b12"
e2-standard-16,e2-standard-16,general,16,64,0,,"intel-xeon-8173m,intel-xeon-e52696v4,amd-epyc-7b13,amd-epyc-7b12"
e2-standard-2,e2-standard-2,general,2,8,0,,"intel-xeon-8173m,intel-xeon-e52696v4,amd-epyc-7b13,amd-epyc-7b12"
e2-standard-32,e2-standard-32,general,32,128,0,,"intel-xeon-8173m,intel-xeon-e52696v4,amd-epyc-7b13,amd-epyc-7b12"
e2-standard-4,e2-standard-4,general,4,16,0,,"intel-xeon-8173m,intel-xeon-e52696v4,amd-epyc-7b13,amd-epyc-7b12"
e2-standard-8,e2-standard-8,general,8,32,0,,"intel-xeon-8173m,intel-xeon-e52696v4,amd-epyc-7b13,amd-epyc-7b12"
f1-micro,f1-micro,general,1,0.6,0,,"intel-xeon-8173m,intel-xeon-e52696v4,intel-xeon-e52696v3,intel-xeon-e52696v2,intel-xeon-e52689"
g1-small,g1-small,general,1,1.7,0,,"intel-xeon-8173m,intel-xeon-e52696v4,intel-xeon-e52696v3,intel-xeon-e52696v2,intel-xeon-e52689"
g2-standard-12,g2-standard-12,accelerated,12,48,375,,intel-xeon-8273cl
g2-standard-16,g2-standard-16,accelerated,16,64,375,,intel-xeon-8273cl
g2-standard-24,g2-standard-24,accelerated,24,96,375,,intel-xeon-8273cl
g2-standard-32,g2-standard-32,accelerated,32,128,375,,intel-xeon-8273cl
g2-standard-4,g2-standard-4,accelerated,4,16,375,,intel-xeon-8273cl
g2-standard-48,g2-standard-48,accelerated,48,192,1500,,intel-xeon-8273cl
g2-standard-8,g2-standard-8,accelerated,8,32,375,,intel-xeon-8273cl
g2-standard-96,g2-standard-96,accelerated,96,384,3000,,intel-xeon-8273cl
h3-standard-88,h3-standard-88,compute,88,352,0,,intel-xeon-8481c
m1-megamem-96,m1-megamem-96,memory,96,1433.6,3000,,intel-xeon-8173m
m1-ultramem-160,m1-ultramem-160,memory,160,3844,0,,intel-xeon-e78880v4
m1-ultramem-40,m1-ultramem-40,memory,40,961,0,,intel-xeon-e78880v4
m1-ultramem-80,m1-ultramem-80,memory,80,1922,0,,intel-xeon-e78880v4
m2-hypermem-416,m2-hypermem-416,memory,416,8832,0,,intel-xeon-8280l
m2-megamem-416,m2-megamem-416,memory,416,5888,0,,intel-xeon-8280l
m2-ultramem-208,m2-ultramem-208,memory,208,5888,0,,intel-xeon-8280l
m2-ultramem-416,m2-ultramem-416,memory,416,11776,0,,intel-xeon-8280l
m3-megamem-128,m3-megamem-128,memory,128,1952,3000,,intel-xeon-8373c
m3-megamem-64,m3-megamem-64,memory,64,976,1500,,intel-xeon-8373c
m3-ultramem-128,m3-ultramem-128,memory,128,3904,3000,,intel-xeon-8373c
m3-ultramem-32,m3-ultramem-32,memory,32,976,1500,,intel-xeon-8373c
m3-ultramem-64,m3-ultramem-64,memory,64,1952,1500,,intel-xeon-8373c
n1-highcpu-16,n1-highcpu-16,general,16,14.4,375,,"intel-xeon-8173m,intel-xeon-e52696v4,intel-xeon-e52696v3,intel-xeon-e52696v2,intel-xeon-e52689"
n1-highcpu-2,n1-highcpu-2,general,2,1.8,375,,"intel-xeon-8173m,intel-xeon-e52696v4,intel-xeon-e52696v3,intel-xeon-e52696v2,intel-xeon-e52689"
n1-highcpu-32,n1-highcpu-32,general,32,28.8,375,,"intel-xeon-8173m,intel-xeon-e52696v4,intel-xeon-e52696v3,intel-xeon-e52696v2,intel-xeon-e52689"
n1-highcpu-4,n1-highcpu-4,general,4,3.6,375,,"intel-xeon-8173m,intel-xeon-e52696v4,intel-xeon-e52696v3,intel-xeon-e52696v2,intel-xeon-e52689"
n1-highcpu-64,n1-highcpu-64,general,64,57.6,375,,"intel-xeon-8173m,intel-xeon-e52696v4,intel-xeon-e52696v3,intel-xeon-e52696v2,intel-xeon-e52689"
n1-highcpu-8,n1-highcpu-8,general,8,7.2,375,,"intel-xeon-8173m,intel-xeon-e52696v4,intel-xeon-e52696v3,intel-xeon-e52696v2,intel-xeon-e52689"
n1-highcpu-96,n1-highcpu-96,general,96,86.4,375,,"intel-xeon-8173m,intel-xeon-e52696v4,intel-xeon-e52696v3,intel-xeon-e52696v2,intel-xeon-e52689"
n1-highmem-16,n1-highmem-16,general,16,104,375,,"intel-xeon-8173m,intel-xeon-e52696v4,intel-xeon-e52696v3,intel-xeon-e52696v2,intel-xeon-e52689"
n1-highmem-2,n1-highmem-2,general,2,13,375,,"intel-xeon-8173m,intel-xeon-e52696v4,intel-xeon-e52696v3,intel-xeon-e52696v2,intel-xeon-e52689"
n1-highmem-32,n1-highmem-32,general,32,208,375,,"intel-xeon-8173m,intel-xeon-e52696v4,intel-xeon-e52696v3,intel-xeon-e52696v2,intel-xeon-e52689"
n1-highmem-4,n1-highmem-4,general,4,26,375,,"intel-xeon-8173m,intel-xeon-e52696v4,intel-xeon-e52696v3,intel-xeon-e52696v2,intel-xeon-e52689"
n1-highmem-64,n1-highmem-64,general,64,416,375,,"intel-xeon-8173m,intel-xeon-e52696v4,intel-xeon-e52696v3,intel-xeon-e52696v2,intel-xeon-e52689"
n1-highmem-8,n1-highmem-8,general,8,52,375,,"intel-xeon-8173m,intel-xeon-e52696v4,intel-xeon-e52696v3,intel-xeon-e52696v2,intel-xeon-e52689"
n1-highmem-96,n1-highmem-96,general,96,624,375,,"intel-xeon-8173m,intel-xeon-e52696v4,intel-xeon-e52696v3,intel-xeon-e52696v2,intel-xeon-e52689"
n1-standard-1,n1-standard-1,general,1,3.75,375,,"intel-xeon-8173m,intel-xeon-e52696v4,intel-xeon-e52696v3,intel-xeon-e52696v2,intel-xeon-e52689"
n1-standard-16,n1-standard-16,general,16,60,375,,"intel-xeon-8173m,intel-xeon-e52696v4,intel-xeon-e52696v3,intel-xeon-e52696v2,intel-xeon-e52689"
n1-standard-2,n1-standard-2,general,2,7.5,375,,"intel-xeon-8173m,intel-xeon-e52696v4,intel-xeon-e52696v3,intel-xeon-e52696v2,intel-xeon-e52689"
n1-standard-32,n1-standard-32,general,32,120,375,,"intel-xeon-8173m,intel-xeon-e52696v4,intel-xeon-e52696v3,intel-xeon-e52696v2,intel-xeon-e52689"
n1-standard-4,n1-standard-4,general,4,15,375,,"intel-xeon-8173m,intel-xeon-e52696v4,intel-xeon-e52696v3,intel-xeon-e52696v2,intel-xeon-e52689"
n1-standard-64,n1-standard-64,general,64,240,375,,"intel-xeon-8173m,intel-xeon-e52696v4,intel-xeon-e52696v3,intel-xeon-e52696v2,intel-xeon-e52689"
n1-standard-8,n1-standard-8,general,8,30,375,,"intel-xeon-8173m,intel-xeon-e52696v4,intel-xeon-e52696v3,intel-xeon-e52696v2,intel-xeon-e52689"
n1-standard-96,n1-standard-96,general,96,360,375,,"intel-xeon-8173m,intel-xeon-e52696v4,intel-xeon-e52696v3,intel-xeon-e52696v2,intel-xeon-e52689"
n2-highcpu-16,n2-highcpu-16,general,16,16,375,,"intel-xeon-8373c,intel-xeon-6268cl"
n2-highcpu-2,n2-highcpu-2,general,2,2,375,,"intel-xeon-8373c,intel-xeon-6268cl"
n2-highcpu-32,n2-highcpu-32,general,32,32,375,,"intel-xeon-8373c,intel-xeon-6268cl"
n2-highcpu-4,n2-highcpu-4,general,4,4,375,,"intel-xeon-8373c,intel-xeon-6268cl"
n2-highcpu-48,n2-highcpu-48,general,48,48,375,,"intel-xeon-8373c,intel-xeon-6268cl"
n2-highcpu-64,n2-highcpu-64,general,64,64,375,,"intel-xeon-8373c,intel-xeon-6268cl"
n2-highcpu-8,n2-highcpu-8,general,8,8,375,,"intel-xeon-8373c,intel-xeon-6268cl"
n2-highcpu-80,n2-highcpu-80,general,80,80,375,,"intel-xeon-8373c,intel-xeon-6268cl"
n2-highcpu-96,n2-highcpu-96,general,96,96,375,,"intel-xeon-8373c,intel-xeon-6268cl"
n2-highmem-128,n2-highmem-128,general,128,864,375,,"intel-xeon-8373c,intel-xeon-6268cl"
n2-highmem-16,n2-highmem-16,general,16,128,375,,"intel-xeon-8373c,intel-xeon-6268cl"
n2-highmem-2,n2-highmem-2,general,2,16,375,,"intel-xeon-8373c,intel-xeon-6268cl"
n2-highmem-32,n2-highmem-32,general,32,256,375,,"intel-xeon-8373c,intel-xeon-6268cl"
n2-highmem-4,n2-highmem-4,general,4,32,375,,"intel-xeon-8373c,intel-xeon-6268cl"
n2-highmem-48,n2-highmem-48,general,48,384,375,,"intel-xeon-8373c,intel-xeon-6268cl"
n2-highmem-64,n2-highmem-64,general,64,512,375,,"intel-xeon-8373c,intel-xeon-6268cl"
n2-highmem-8,n2-highmem-8,general,8,64,375,,"intel-xeon-8373c,intel-xeon-6268cl"
n2-highmem-80,n2-highmem-80,general,80,640,375,,"intel-xeon-8373c,intel-xeon-6268cl"
n2-highmem-96,n2-highmem-96,general,96,768,375,,"intel-xeon-8373c,intel-xeon-6268cl"
n2-standard-128,n2-standard-128,general,128,512,375,,"intel-xeon-8373c,intel-xeon-6268cl"
n2-standard-16,n2-standard-16,general,16,64,375,,"intel-xeon-8373c,intel-xeon-6268cl"
n2-standard-2,n2-standard-2,general,2,8,375,,"intel-xeon-8373c,intel-xeon-6268cl"
n2-standard-32,n2-standard-32,general,32,128,375,,"intel-xeon-8373c,intel-xeon-6268cl"
n2-standard-4,n2-standard-4,general,4,16,375,,"intel-xeon-8373c,intel-xeon-6268cl"
n2-standard-48,n2-standard-48,general,48,192,375,,"intel-xeon-8373c,intel-xeon-6268cl"
n2-standard-64,n2-standard-64,general,64,256,375,,"intel-xeon-8373c,intel-xeon-6268cl"
n2-standard-8,n2-standard-8,general,8,32,375,,"intel-xeon-8373c,intel-xeon-6268cl"
n2-standard-80,n2-standard-80,general,80,320,375,,"intel-xeon-8373c,intel-xeon-6268cl"
n2-standard-96,n2-standard-96,general,96,384,375,,"intel-xeon-8373c,intel-xeon-6268cl"
n2d-highcpu-128,n2d-highcpu-128,general,128,128,375,,"amd-epyc-7b13,amd-epyc-7b12"
n2d-highcpu-16,n2d-highcpu-16,general,16,16,375,,"amd-epyc-7b13,amd-epyc-7b12"
n2d-highcpu-2,n2d-highcpu-2,general,2,2,375,,"amd-epyc-7b13,amd-epyc-7b12"
n2d-highcpu-224,n2d-highcpu-224,general,224,224,375,,"amd-epyc-7b13,amd-epyc-7b12"
n2d-highcpu-32,n2d-highcpu-32,general,32,32,375,,"amd-epyc-7b13,amd-epyc-7b12"
n2d-highcpu-4,n2d-highcpu-4,general,4,4,375,,"amd-epyc-7b13,amd-epyc-7b12"
n2d-highcpu-48,n2d-highcpu-48,general,48,48,375,,"amd-epyc-7b13,amd-epyc-7b12"
n2d-highcpu-64,n2d-highcpu-64,general,64,64,375,,"amd-epyc-7b13,amd-epyc-7b12"
n2d-highcpu-8,n2d-highcpu-8,general,8,8,375,,"amd-epyc-7b13,amd-epyc-7b12"
n2d-highcpu-80,n2d-highcpu-80,general,80,80,375,,"amd-epyc-7b13,amd-epyc-7b12"
n2d-highcpu-96,n2d-highcpu-96,general,96,96,375,,"amd-epyc-7b13,amd-epyc-7b12"
n2d-highmem-16,n2d-highmem-16,general,16,128,375,,"amd-epyc-7b13,amd-epyc-7b12"
n2d-highmem-2,n2d-highmem-2,general,2,16,375,,"amd-epyc-7b13,amd-epyc-7b12"
n2d-highmem-32,n2d-highmem-32,general,32,256,375,,"amd-epyc-7b13,amd-epyc-7b12"
n2d-highmem-4,n2d-highmem-4,general,4,32,375,,"amd-epyc-7b13,amd-epyc-7b12"
n2d-highmem-48,n2d-highmem-48,general,48,384,375,,"amd-epyc-7b13,amd-epyc-7b12"
n2d-highmem-64,n2d-highmem-64,general,64,512,375,,"amd-epyc-7b13,amd-epyc-7b12"
n2d-highmem-8,n2d-highmem-8,general,8,64,375,,"amd-epyc-7b13,amd-epyc-7b12"
n2d-highmem-80,n2d-highmem-80,general,80,640,375,,"amd-epyc-7b13,amd-epyc-7b12"
n2d-highmem-96,n2d-highmem-96,general,96,768,375,,"amd-epyc-7b13,amd-epyc-7b12"
n2d-standard-128,n2d-standard-128,general,128,512,375,,"amd-epyc-7b13,amd-epyc-7b12"
n2d-standard-16,n2d-standard-16,general,16,64,375,,"amd-epyc-7b13,amd-epyc-7b12"
n2d-standard-2,n2d-standard-2,general,2,8,375,,"amd-epyc-7b13,amd-epyc-7b12"
n2d-standard-224,n2d-standard-224,general,224,896,375,,"amd-epyc-7b13,amd-epyc-7b12"
n2d-standard-32,n2d-standard-32,general,32,128,375,,"amd-epyc-7b13,amd-epyc-7b12"
n2d-standard-4,n2d-standard-4,general,4,16,375,,"amd-epyc-7b13,amd-epyc-7b12"
n2d-standard-48,n2d-standard-48,general,48,192,375,,"amd-epyc-7b13,amd-epyc-7b12"
n2d-standard-64,n2d-standard-64,general,64,256,375,,"amd-epyc-7b13,amd-epyc-7b12"
n2d-standard-8,n2d-standard-8,general,8,32,375,,"amd-epyc-7b13,amd-epyc-7b12"
n2d-standard-80,n2d-standard-80,general,80,320,375,,"amd-epyc-7b13,amd-epyc-7b12"
n2d-standard-96,n2d-standard-96,general,96,384,375,,"amd-epyc-7b13,amd-epyc-7b12"
n4-highcpu-16,n4-highcpu-16,general,16,32,0,,intel-xeon-8581c
n4-highcpu-2,n4-highcpu-2,general,2,4,0,,intel-xeon-8581c
n4-highcpu-32,n4-highcpu-32,general,32,64,0,,intel-xeon-8581c
n4-highcpu-4,n4-highcpu-4,general,4,8,0,,intel-xeon-8581c
n4-highcpu-48,n4-highcpu-48,general,48,96,0,,intel-xeon-8581c
n4-highcpu-64,n4-highcpu-64,general,64,128,0,,intel-xeon-8581c
n4-highcpu-8,n4-highcpu-8,general,8,16,0,,intel-xeon-8581c
n4-highcpu-80,n4-highcpu-80,general,80,160,0,,intel-xeon-8581c
n4-highmem-16,n4-highmem-16,general,16,128,0,,intel-xeon-8581c
n4-highmem-2,n4-highmem-2,general,2,16,0,,intel-xeon-8581c
n4-highmem-32,n4-highmem-32,general,32,256,0,,intel-xeon-8581c
n4-highmem-4,n4-highmem-4,general,4,32,0,,intel-xeon-8581c
n4-highmem-48,n4-highmem-48,general,48,384,0,,intel-xeon-8581c
n4-highmem-64,n4-highmem-64,general,64,512,0,,intel-xeon-8581c
n4-highmem-8,n4-highmem-8,general,8,64,0,,intel-xeon-8581c
n4-highmem-80,n4-highmem-80,general,80,640,0,,intel-xeon-8581c
n4-standard-16,n4-standard-16,general,16,64,0,,intel-xeon-8581c
n4-standard-2,n4-standard-2,general,2,8,0,,intel-xeon-8581c
n4-standard-32,n4-standard-32,general,32,128,0,,intel-xeon-8581c
n4-standard-4,n4-standard-4,general,4,16,0,,intel-xeon-8581c
n4-standard-48,n4-standard-48,general,48,192,0,,intel-xeon-8581c
n4-standard-64,n4-standard-64,general,64,256,0,,intel-xeon-8581c
n4-standard-8,n4-standard-8,general,8,32,0,,intel-xeon-8581c
n4-standard-80,n4-standard-80,general,80,320,0,,intel-xeon-8581c
t2a-standard-1,t2a-standard-1,general,1,4,0,,ampere-altra-q6430
t2a-standard-16,t2a-standard-16,general,16,64,0,,ampere-altra-q6430
t2a-standard-2,t2a-standard-2,general,2,8,0,,ampere-altra-q6430
t2a-standard-32,t2a-standard-32,general,32,128,0,,ampere-altra-q6430
t2a-standard-4,t2a-standard-4,general,4,16,0,,ampere-altra-q6430
t2a-standard-48,t2a-standard-48,general,48,192,0,,ampere-altra-q6430
t2a-standard-8,t2a-standard-8,general,8,32,0,,ampere-altra-q6430
t2d-standard-1,t2d-standard-1,general,1,4,0,,amd-epyc-7b13
t2d-standard-16,t2d-standard-16,general,16,64,0,,amd-epyc-7b13
t2d-standard-2,t2d-standard-2,general,2,8,0,,amd-epyc-7b13
t2d-standard-32,t2d-standard-32,general,32,128,0,,amd-epyc-7b13
t2d-standard-4,t2d-standard-4,general,4,16,0,,amd-epyc-7b13
t2d-standard-48,t2d-standard-48,general,48,192,0,,amd-epyc-7b13
t2d-standard-60,t2d-standard-60,general,60,240,0,,amd-epyc-7b13
t2d-standard-8,t2d-standard-8,general,8,32,0,,amd-epyc-7b13
z3-highmem-176,z3-highmem-176,storage,176,1408,36000,,intel-xeon-8481c
z3-highmem-88,z3-highmem-88,storage,88,704,36000,,intel-xeon-8481c
