name,vendor,open,type,architecture,parameters_active,parameters_total,context,corpus,dimension,hidden_dimension,input,output,reasoning,tools,sources,estimated
ada,openai,false,text,dense,0.35,0.35,2049,,,,text,text,false,false,https://platform.openai.com/docs/models|https://ai.azure.com/catalog/models,parameters|context
amazon-nova-canvas,amazon,false,image,dense,12,12,,,,,text|image,image,false,false,https://docs.aws.amazon.com/bedrock/latest/userguide/models-supported.html,parameters
amazon-nova-lite,amazon,false,text,dense,32,32,300000,,,,text|image|video,text,false,true,https://docs.aws.amazon.com/bedrock/latest/userguide/models-supported.html,parameters|context
amazon-nova-micro,amazon,false,text,dense,8,8,128000,,,,text,text,false,true,https://docs.aws.amazon.com/bedrock/latest/userguide/models-supported.html,parameters|context
amazon-nova-multimodal-embeddings,amazon,false,embedding,dense,8,8,,,,,text|image,embedding,false,false,https://docs.aws.amazon.com/bedrock/latest/userguide/models-supported.html,parameters
amazon-nova-premier,amazon,false,text,dense,470,470,1000000,,,,text|image|video,text,false,true,https://docs.aws.amazon.com/bedrock/latest/userguide/models-supported.html,parameters|context
amazon-nova-pro,amazon,false,text,dense,90,90,300000,10000,,,text|image|video,text,false,true,https://docs.aws.amazon.com/bedrock/latest/userguide/models-supported.html|https://lifearchitect.ai/models-table|https://www.amazon.science/publications/the-amazon-nova-family-of-models-technical-report-and-model-card,parameters|context|corpus
amazon-nova-reel,amazon,false,video,dense,24,24,,,,,text|image,video,false,false,https://docs.aws.amazon.com/bedrock/latest/userguide/models-supported.html,parameters
amazon-nova-sonic,amazon,false,speech,dense,20,20,300000,,,,audio|text,audio|text,false,true,https://docs.aws.amazon.com/bedrock/latest/userguide/models-supported.html,parameters|context
amazon-rerank-1.0,amazon,false,ranking,dense,1,1,,,,,text,score,false,false,https://docs.aws.amazon.com/bedrock/latest/userguide/models-supported.html,parameters
amazon-titan-image-generator-g1-v2,amazon,false,image,dense,5,5,,,,,text,image,false,false,https://docs.aws.amazon.com/bedrock/latest/userguide/models-supported.html,parameters
amazon-titan-multimodal-embeddings-g1,amazon,false,embedding,dense,2,2,256,,,,text|image,embedding,false,false,https://docs.aws.amazon.com/bedrock/latest/userguide/models-supported.html,parameters|context
amazon-titan-text-embeddings-v1,amazon,false,embedding,dense,1.5,1.5,8192,,,,text,embedding,false,false,https://docs.aws.amazon.com/bedrock/latest/userguide/models-supported.html,parameters|context
amazon-titan-text-embeddings-v2,amazon,false,embedding,dense,1.5,1.5,8192,,,,text,embedding,false,false,https://docs.aws.amazon.com/bedrock/latest/userguide/models-supported.html,parameters|context
amazon-titan-text-large,amazon,false,text,dense,13,13,32000,,,,text,text,false,false,https://docs.aws.amazon.com/bedrock/latest/userguide/models-supported.html,parameters|context
babbage,openai,false,text,dense,1.3,1.3,2049,,,,text,text,false,false,https://platform.openai.com/docs/models|https://ai.azure.com/catalog/models,parameters|context
babbage-002,openai,false,text,dense,1.3,1.3,16384,,,,text,text,false,false,https://platform.openai.com/docs/models|https://ai.azure.com/catalog/models,parameters|context
bge-base-en-v1.5,baai,true,embedding,dense,0.109,0.109,512,,768,,text,embedding,false,false,https://huggingface.co/BAAI/bge-base-en-v1.5,
bge-m3,baai,true,embedding,dense,0.567,0.567,8192,,1024,,text,embedding,false,false,https://huggingface.co/BAAI/bge-m3,
bge-multilingual-gemma2,baai,true,embedding,dense,9,9,8192,,3584,,text,embedding,false,false,https://huggingface.co/BAAI/bge-multilingual-gemma2,
claude,anthropic,false,text,dense,175,175,200000,,,,text,text,false,false,https://docs.anthropic.com/en/docs/about-claude/models/overview,parameters|context
claude-3-haiku,anthropic,false,text,dense,20,20,200000,,,,text|image,text,false,true,https://docs.anthropic.com/en/docs/about-claude/models/overview|https://lifearchitect.substack.com/p/the-memo-special-edition-claude-3,parameters|context
claude-3-opus,anthropic,false,text,moe,400,2000,200000,40000,,,text|image,text,false,true,https://docs.anthropic.com/en/docs/about-claude/models/overview|https://lifearchitect.ai/models-table|https://www.anthropic.com/claude-3-model-card|https://lifearchitect.substack.com/p/the-memo-special-edition-claude-3,parameters|context|corpus
claude-3-sonnet,anthropic,false,text,dense,70,70,200000,,,,text|image,text,false,true,https://docs.anthropic.com/en/docs/about-claude/models/overview|https://lifearchitect.substack.com/p/the-memo-special-edition-claude-3,parameters|context
claude-3.5-haiku,anthropic,false,text,dense,18,18,200000,,,,text|image,text,false,true,https://docs.anthropic.com/en/docs/about-claude/models/overview,parameters|context
claude-3.5-sonnet,anthropic,false,text,dense,70,70,200000,15000,,,text|image,text,false,true,https://docs.anthropic.com/en/docs/about-claude/models/overview|https://lifearchitect.ai/models-table|https://www.anthropic.com/news/claude-3-5-sonnet,parameters|context|corpus
claude-3.5-sonnet-v2,anthropic,false,text,dense,70,70,200000,20000,,,text|image,text,false,true,https://docs.anthropic.com/en/docs/about-claude/models/overview|https://lifearchitect.ai/models-table|https://assets.anthropic.com/m/61e7d27f8c8f5919/original/Claude-3-Model-Card.pdf#page=51,parameters|context|corpus
claude-3.7-sonnet,anthropic,false,text,dense,175,175,200000,20000,,,text|image,text,true,true,https://docs.anthropic.com/en/docs/about-claude/models/overview|https://lifearchitect.ai/models-table|https://assets.anthropic.com/m/785e231869ea8b3b/original/claude-3-7-sonnet-system-card.pdf,parameters|context|corpus
claude-haiku-4.5,anthropic,false,text,dense,23,23,200000,,,,text|image,text,true,true,https://docs.anthropic.com/en/docs/about-claude/models/overview,parameters|context
claude-instant,anthropic,false,text,dense,13,13,100000,,,,text,text,false,false,https://docs.anthropic.com/en/docs/about-claude/models/overview,parameters|context
claude-opus-4,anthropic,false,text,moe,400,2000,200000,100000,,,text|image,text,true,true,https://docs.anthropic.com/en/docs/about-claude/models/overview|https://lifearchitect.ai/models-table|https://www-cdn.anthropic.com/6be99a52cb68eb70eb9572b4cafad13df32ed995.pdf,parameters|context|corpus
claude-opus-4.5,anthropic,false,text,moe,135,670,200000,100000,,,text|image,text,true,true,https://docs.anthropic.com/en/docs/about-claude/models/overview|https://lifearchitect.ai/models-table|https://assets.anthropic.com/m/64823ba7485345a7/Claude-Opus-4-5-System-Card.pdf,parameters|context|corpus
claude-opus-4.6,anthropic,false,text,moe,135,670,200000,100000,,,text|image,text,true,true,https://docs.anthropic.com/en/docs/about-claude/models/overview|https://lifearchitect.ai/models-table|https://www-cdn.anthropic.com/0dd865075ad3132672ee0ab40b05a53f14cf5288.pdf,parameters|context|corpus
claude-sonnet-4,anthropic,false,text,moe,88,440,200000,80000,,,text|image,text,true,true,https://docs.anthropic.com/en/docs/about-claude/models/overview|https://lifearchitect.ai/models-table|https://www.anthropic.com/news/claude-4,parameters|context|corpus
claude-sonnet-4.5,anthropic,false,text,moe,88,440,200000,80000,,,text|image,text,true,true,https://docs.anthropic.com/en/docs/about-claude/models/overview|https://lifearchitect.ai/models-table|https://assets.anthropic.com/m/12f214efcc2f457a/original/Claude-Sonnet-4-5-System-Card.pdf,parameters|context|corpus
claude-sonnet-4.6,anthropic,false,text,moe,88,440,1000000,80000,,,text|image,text,true,true,https://docs.anthropic.com/en/docs/about-claude/models/overview|https://lifearchitect.ai/models-table|https://www-cdn.anthropic.com/78073f739564e986ff3e28522761a7a0b4484f84.pdf,parameters|context|corpus
code-davinci-002,openai,false,text,dense,175,175,8001,,,,text|code,text|code,false,false,https://platform.openai.com/docs/models|https://ai.azure.com/catalog/models,parameters|context
codestral-2,mistral,true,text,dense,22.2,22.2,256000,,,,text|code,text|code,false,true,https://docs.mistral.ai/getting-started/models|https://cloud.google.com/vertex-ai/generative-ai/docs/partner-models/use-partner-models,
cohere-command-a,cohere,false,text,dense,111,111,256000,,,,text,text,false,true,https://docs.cohere.com/docs/models,parameters|context
cohere-command-r,cohere,false,text,dense,35,35,128000,,,,text,text,false,true,https://docs.cohere.com/docs/models,parameters|context
cohere-command-r-plus,cohere,false,text,dense,104,104,128000,,,,text,text,false,true,https://docs.cohere.com/docs/models,parameters|context
cohere-embed-english-v3,cohere,false,embedding,dense,0.4,0.4,512,,,,text,embedding,false,false,https://docs.cohere.com/docs/models,parameters|context
cohere-embed-multilingual-3,cohere,false,embedding,dense,1,1,512,,1024,,text,embedding,false,false,https://docs.cohere.com/docs/models,parameters|context
cohere-embed-multilingual-v3,cohere,false,embedding,dense,0.8,0.8,512,,,,text,embedding,false,false,https://docs.cohere.com/docs/models,parameters|context
cohere-embed-v4,cohere,false,embedding,dense,7,7,128000,,,,text|image,embedding,false,false,https://docs.cohere.com/docs/models,parameters|context
cohere-rerank-3.5,cohere,false,ranking,dense,0.6,0.6,4096,,,,text,score,false,false,https://docs.cohere.com/docs/models,parameters|context
cohere-rerank-v4.0-fast,cohere,false,ranking,dense,0.6,0.6,32768,,,,text,score,false,false,https://docs.cohere.com/docs/models,parameters|context
cohere-rerank-v4.0-pro,cohere,false,ranking,dense,7,7,32768,,,,text,score,false,false,https://docs.cohere.com/docs/models,parameters|context
curie,openai,false,text,dense,6.7,6.7,2049,,,,text,text,false,false,https://platform.openai.com/docs/models|https://ai.azure.com/catalog/models,parameters|context
davinci,openai,false,text,dense,175,175,2049,,,,text,text,false,false,https://platform.openai.com/docs/models|https://ai.azure.com/catalog/models,parameters|context
davinci-002,openai,false,text,dense,175,175,16384,,,,text,text,false,false,https://platform.openai.com/docs/models|https://ai.azure.com/catalog/models,parameters|context
deepseek-ocr,deepseek,true,vision,dense,3,3,,,,,document|image,text,false,false,https://huggingface.co/deepseek-ai/DeepSeek-OCR,
deepseek-r1,deepseek,true,text,moe,37,671,128000,,,,text,text,true,true,https://api-docs.deepseek.com,context
deepseek-r1-0528,deepseek,true,text,moe,37,671,128000,,,,text,text,true,true,https://api-docs.deepseek.com,context
deepseek-r1-distill-llama-70b,deepseek,true,text,dense,70,70,131000,,,,text,text,true,true,https://huggingface.co/deepseek-ai/DeepSeek-R1-Distill-Llama-70B,
deepseek-v3,deepseek,true,text,moe,37,671,128000,,,,text,text,false,true,https://api-docs.deepseek.com,parameters|context
deepseek-v3.1,deepseek,true,text,moe,37,671,128000,,,,text,text,false,true,https://api-docs.deepseek.com,context
deepseek-v3.2,deepseek,true,text,moe,37,671,128000,,,,text|image,text,true,true,https://api-docs.deepseek.com,parameters|context
deepseek-v3.2-speciale,deepseek,true,text,moe,37,671,128000,,,,text|image,text,true,true,https://api-docs.deepseek.com,parameters|context
devstral-2-123b-instruct-2512,mistral,true,text,dense,123,123,200000,,,,text|code,text|code,false,true,https://huggingface.co/mistralai/Devstral-2-123B-Instruct-2512|https://docs.aws.amazon.com/bedrock/latest/userguide/models-supported.html|https://www.scaleway.com/en/docs/generative-apis/reference-content/supported-models,
devstral-small-2505,mistral,true,text,dense,24,24,128000,,,,text|code,text|code,false,true,https://docs.mistral.ai/getting-started/models|https://www.scaleway.com/en/docs/generative-apis/reference-content/supported-models,parameters
embedding-ada,openai,false,embedding,dense,0.35,0.35,2046,,1024,,text,embedding,false,false,https://platform.openai.com/docs/models|https://ai.azure.com/catalog/models,parameters|context
gemini-2.0-flash,google,false,text,moe,88,440,1048576,,,,text|image|video,text,false,true,https://ai.google.dev/gemini-api/docs/models|https://cloud.google.com/vertex-ai/generative-ai/docs/partner-models/use-partner-models,parameters|context
gemini-2.0-flash-lite,google,false,text,dense,18,18,1048576,,,,text|image|video,text,false,true,https://ai.google.dev/gemini-api/docs/models|https://cloud.google.com/vertex-ai/generative-ai/docs/partner-models/use-partner-models,parameters|context
gemini-2.5-flash,google,false,text,moe,88,440,1048576,20000,,,text|image|video,text,true,true,https://ai.google.dev/gemini-api/docs/models|https://cloud.google.com/vertex-ai/generative-ai/docs/partner-models/use-partner-models|https://lifearchitect.ai/models-table|https://deepmind.google/technologies/gemini/flash,parameters|context|corpus
gemini-2.5-flash-image,google,false,image,moe,88,440,,20000,,,text,image,true,false,https://ai.google.dev/gemini-api/docs/models|https://cloud.google.com/vertex-ai/generative-ai/docs/partner-models/use-partner-models|https://lifearchitect.ai/models-table|https://deepmind.google/technologies/gemini/flash,parameters|corpus
gemini-2.5-flash-lite,google,false,text,dense,18,18,1048576,,,,text|image|video,text,true,true,https://ai.google.dev/gemini-api/docs/models|https://cloud.google.com/vertex-ai/generative-ai/docs/partner-models/use-partner-models,parameters|context
gemini-2.5-flash-live-api,google,false,speech,moe,88,440,128000,20000,,,audio,audio|text,true,true,https://ai.google.dev/gemini-api/docs/models|https://cloud.google.com/vertex-ai/generative-ai/docs/partner-models/use-partner-models|https://lifearchitect.ai/models-table|https://deepmind.google/technologies/gemini/flash,parameters|context|corpus
gemini-2.5-flash-tts,google,false,speech,moe,88,440,8192,,,,text,audio,false,false,https://ai.google.dev/gemini-api/docs/changelog|https://ai.google.dev/gemini-api/docs/models/gemini-2.5-flash-preview-tts,parameters
gemini-2.5-pro,google,false,text,moe,400,2000,1048576,80000,,,text|image|video,text,true,true,https://ai.google.dev/gemini-api/docs/models|https://cloud.google.com/vertex-ai/generative-ai/docs/partner-models/use-partner-models|https://lifearchitect.ai/models-table|https://storage.googleapis.com/deepmind-media/gemini/gemini_v2_5_report.pdf,parameters|context|corpus
gemini-2.5-pro-tts,google,false,speech,moe,400,2000,8192,,,,text,audio,false,false,https://ai.google.dev/gemini-api/docs/changelog|https://ai.google.dev/gemini-api/docs/models/gemini-2.5-pro-preview-tts,parameters
gemini-3-flash,google,false,text,moe,65,300,1048576,100000,,,text|image|video,text,false,true,https://ai.google.dev/gemini-api/docs/models|https://cloud.google.com/vertex-ai/generative-ai/docs/partner-models/use-partner-models|https://lifearchitect.ai/models-table|https://storage.googleapis.com/deepmind-media/Model-Cards/Gemini-3-Flash-Model-Card.pdf,parameters|context|corpus
gemini-3-pro,google,false,text,moe,240,1200,1048576,100000,,,text|image|video,text,false,true,https://ai.google.dev/gemini-api/docs/models|https://cloud.google.com/vertex-ai/generative-ai/docs/partner-models/use-partner-models|https://lifearchitect.ai/models-table|https://storage.googleapis.com/deepmind-media/Model-Cards/Gemini-3-Pro-Model-Card.pdf,parameters|context|corpus
gemini-3-pro-image,google,false,image,moe,240,1200,,100000,,,text,image,false,false,https://ai.google.dev/gemini-api/docs/models|https://cloud.google.com/vertex-ai/generative-ai/docs/partner-models/use-partner-models|https://lifearchitect.ai/models-table|https://storage.googleapis.com/deepmind-media/Model-Cards/Gemini-3-Pro-Model-Card.pdf,parameters|corpus
gemini-3.1-flash-image,google,false,image,moe,240,1200,,,,,text,image,false,false,https://ai.google.dev/gemini-api/docs/models|https://cloud.google.com/vertex-ai/generative-ai/docs/partner-models/use-partner-models,parameters
gemini-3.1-flash-lite,google,false,text,dense,68,68,1048576,100000,,,text|image|video,text,false,true,https://ai.google.dev/gemini-api/docs/models|https://cloud.google.com/vertex-ai/generative-ai/docs/partner-models/use-partner-models|https://lifearchitect.ai/models-table,parameters|context|corpus
gemini-3.1-flash-live,google,false,speech,moe,65,300,131072,,,,text|image|audio|video,text|audio,true,true,https://ai.google.dev/gemini-api/docs/changelog|https://ai.google.dev/gemini-api/docs/models/gemini-3.1-flash-live-preview,parameters
gemini-3.1-pro,google,false,text,moe,240,1200,1048576,100000,,,text|image|video,text,false,true,https://ai.google.dev/gemini-api/docs/models|https://cloud.google.com/vertex-ai/generative-ai/docs/partner-models/use-partner-models|https://lifearchitect.ai/models-table|https://deepmind.google/models/model-cards/gemini-3-1-pro,parameters|context|corpus
gemini-embedding-2,google,false,embedding,dense,0.7,0.7,2048,,,,text,embedding,false,false,https://ai.google.dev/gemini-api/docs/models|https://cloud.google.com/vertex-ai/generative-ai/docs/partner-models/use-partner-models,parameters|context
gemma-3-27b-it,google,true,text,dense,27,27,40000,14000,,,text,text,false,false,https://huggingface.co/google/gemma-3-27b-it|https://storage.googleapis.com/deepmind-media/gemma/Gemma3Report.pdf,corpus
gemma-3n-e4b-it,google,true,text,moe,4,8,32000,,,,text|image|audio|video,text,false,false,https://ai.google.dev/gemini-api/docs/changelog|https://ai.google.dev/gemma/docs/gemma-3n|https://developers.googleblog.com/introducing-gemma-3n-developer-guide/,
gemma-4-26b-a4b-it,google,true,text,moe,3.8,25.2,256000,,,,text|image|video,text,true,true,https://ai.google.dev/gemini-api/docs/changelog|https://ai.google.dev/gemma/docs/core|https://huggingface.co/google/gemma-4-26B-A4B-it,
gemma-4-31b-it,google,true,text,dense,30.7,30.7,256000,,,,text|image|video,text,true,true,https://ai.google.dev/gemini-api/docs/changelog|https://ai.google.dev/gemma/docs/core|https://huggingface.co/google/gemma-4-31B-it,
gpt-35-turbo,openai,false,text,dense,45,45,16385,,,,text,text,false,true,https://platform.openai.com/docs/models|https://ai.azure.com/catalog/models|https://lifearchitect.ai/models-table|https://openai.com/blog/chatgpt,parameters|context
gpt-35-turbo-16k,openai,false,text,dense,45,45,16385,,,,text,text,false,true,https://platform.openai.com/docs/models|https://ai.azure.com/catalog/models|https://lifearchitect.ai/models-table|https://openai.com/blog/chatgpt,parameters|context
gpt-4,openai,false,text,moe,280,1760,8192,13000,,,text,text,false,true,https://platform.openai.com/docs/models|https://ai.azure.com/catalog/models|https://lifearchitect.ai/models-table|https://cdn.openai.com/papers/gpt-4.pdf|https://lifearchitect.ai/gpt-4,parameters|context|corpus
gpt-4-32k,openai,false,text,moe,280,1760,32768,13000,,,text,text,false,true,https://platform.openai.com/docs/models|https://ai.azure.com/catalog/models|https://lifearchitect.ai/models-table|https://cdn.openai.com/papers/gpt-4.pdf|https://lifearchitect.ai/gpt-4,parameters|context|corpus
gpt-4-turbo,openai,false,text,moe,140,880,128000,13000,,,text,text,false,true,https://platform.openai.com/docs/models|https://ai.azure.com/catalog/models|https://lifearchitect.ai/models-table|https://cdn.openai.com/papers/gpt-4.pdf|https://lifearchitect.ai/gpt-4,parameters|context|corpus
gpt-4-turbo-vision,openai,false,text,moe,140,880,128000,13000,,,text|image,text,false,true,https://platform.openai.com/docs/models|https://ai.azure.com/catalog/models|https://lifearchitect.ai/models-table|https://cdn.openai.com/papers/gpt-4.pdf|https://lifearchitect.ai/gpt-4,parameters|context|corpus
gpt-4.1,openai,false,text,moe,70,352,1047576,20000,,,text|image,text,false,true,https://platform.openai.com/docs/models|https://ai.azure.com/catalog/models|https://lifearchitect.ai/models-table|https://openai.com/index/gpt-4-1,parameters|context|corpus
gpt-4.1-mini,openai,false,text,dense,76,76,1047576,20000,,,text|image,text,false,true,https://platform.openai.com/docs/models|https://ai.azure.com/catalog/models|https://lifearchitect.ai/models-table|https://openai.com/index/gpt-4-1,parameters|context|corpus
gpt-4.1-nano,openai,false,text,dense,24,24,1047576,20000,,,text|image,text,false,true,https://platform.openai.com/docs/models|https://ai.azure.com/catalog/models|https://lifearchitect.ai/models-table|https://openai.com/index/gpt-4-1,parameters|context|corpus
gpt-4.5,openai,false,text,moe,600,2400,128000,114000,,,text,text,false,true,https://platform.openai.com/docs/models|https://ai.azure.com/catalog/models|https://lifearchitect.ai/models-table|https://openai.com/index/gpt-4-5-system-card,parameters|context|corpus
gpt-4o,openai,false,text,moe,88,440,128000,20000,,,text|image,text,false,true,https://ai.azure.com/catalog/models|https://platform.openai.com/docs/models|https://lifearchitect.ai/models-table|https://openai.com/index/gpt-4o-system-card,parameters|context|corpus
gpt-4o-audio,openai,false,text,moe,88,440,128000,20000,,,audio|text,audio|text,false,true,https://ai.azure.com/catalog/models|https://platform.openai.com/docs/models|https://lifearchitect.ai/models-table|https://openai.com/index/gpt-4o-system-card,parameters|context|corpus
gpt-4o-audio-preview,openai,false,speech,moe,88,440,128000,20000,,,audio|text,audio|text,false,true,https://ai.azure.com/catalog/models|https://platform.openai.com/docs/models|https://lifearchitect.ai/models-table|https://openai.com/index/gpt-4o-system-card,parameters|context|corpus
gpt-4o-mini,openai,false,text,dense,18,18,128000,13000,,,text|image,text,false,true,https://ai.azure.com/catalog/models|https://platform.openai.com/docs/models|https://lifearchitect.ai/models-table|https://openai.com/index/gpt-4o-mini-advancing-cost-efficient-intelligence,parameters|context|corpus
gpt-4o-mini-audio,openai,false,text,dense,18,18,128000,13000,,,audio|text,audio|text,false,true,https://ai.azure.com/catalog/models|https://platform.openai.com/docs/models|https://lifearchitect.ai/models-table|https://openai.com/index/gpt-4o-mini-advancing-cost-efficient-intelligence,parameters|context|corpus
gpt-4o-mini-audio-preview,openai,false,speech,dense,18,18,128000,13000,,,audio|text,audio|text,false,true,https://ai.azure.com/catalog/models|https://platform.openai.com/docs/models|https://lifearchitect.ai/models-table|https://openai.com/index/gpt-4o-mini-advancing-cost-efficient-intelligence,parameters|context|corpus
gpt-4o-mini-realtime,openai,false,text,dense,18,18,32000,13000,,,audio|text,audio|text,false,true,https://ai.azure.com/catalog/models|https://platform.openai.com/docs/models|https://lifearchitect.ai/models-table|https://openai.com/index/gpt-4o-mini-advancing-cost-efficient-intelligence,parameters|context|corpus
gpt-4o-mini-realtime-audio,openai,false,text,dense,18,18,32000,13000,,,audio|text,audio|text,false,true,https://platform.openai.com/docs/models|https://ai.azure.com/catalog/models|https://lifearchitect.ai/models-table|https://openai.com/index/gpt-4o-mini-advancing-cost-efficient-intelligence,parameters|context|corpus
gpt-4o-mini-realtime-preview,openai,false,speech,dense,18,18,32000,13000,,,audio|text,audio|text,false,true,https://ai.azure.com/catalog/models|https://platform.openai.com/docs/models|https://lifearchitect.ai/models-table|https://openai.com/index/gpt-4o-mini-advancing-cost-efficient-intelligence,parameters|context|corpus
gpt-4o-mini-transcribe,openai,false,transcription,dense,18,18,16000,13000,,,audio,text,false,false,https://ai.azure.com/catalog/models|https://platform.openai.com/docs/models|https://lifearchitect.ai/models-table|https://openai.com/index/gpt-4o-mini-advancing-cost-efficient-intelligence,parameters|context|corpus
gpt-4o-mini-tts,openai,false,speech,dense,18,18,,13000,,,text,audio,false,false,https://ai.azure.com/catalog/models|https://platform.openai.com/docs/models|https://lifearchitect.ai/models-table|https://openai.com/index/gpt-4o-mini-advancing-cost-efficient-intelligence,parameters|corpus
gpt-4o-realtime,openai,false,text,moe,55,220,32000,20000,,,audio|text,audio|text,false,true,https://ai.azure.com/catalog/models|https://platform.openai.com/docs/models|https://lifearchitect.ai/models-table|https://openai.com/index/gpt-4o-system-card,parameters|context|corpus
gpt-4o-realtime-audio,openai,false,text,moe,55,220,32000,20000,,,audio|text,audio|text,false,true,https://platform.openai.com/docs/models|https://ai.azure.com/catalog/models|https://lifearchitect.ai/models-table|https://openai.com/index/gpt-4o-system-card,parameters|context|corpus
gpt-4o-realtime-preview,openai,false,speech,moe,88,440,32000,20000,,,audio|text,audio|text,false,true,https://ai.azure.com/catalog/models|https://platform.openai.com/docs/models|https://lifearchitect.ai/models-table|https://openai.com/index/gpt-4o-system-card,parameters|context|corpus
gpt-4o-transcribe,openai,false,transcription,moe,88,440,16000,20000,,,audio,text,false,false,https://ai.azure.com/catalog/models|https://platform.openai.com/docs/models|https://lifearchitect.ai/models-table|https://openai.com/index/gpt-4o-system-card,parameters|context|corpus
gpt-4o-transcribe-diarize,openai,false,transcription,moe,88,440,16000,20000,,,audio,text,false,false,https://ai.azure.com/catalog/models|https://platform.openai.com/docs/models|https://lifearchitect.ai/models-table|https://openai.com/index/gpt-4o-system-card,parameters|context|corpus
gpt-5,openai,false,text,moe,60,300,400000,114000,,,text,text,true,true,https://platform.openai.com/docs/models|https://ai.azure.com/catalog/models|https://lifearchitect.ai/models-table|https://openai.com/index/gpt-5-system-card|https://lifearchitect.ai/gpt-5|https://lifearchitect.substack.com/p/the-memo-special-edition-gpt-5-aug2025|https://arxiv.org/abs/2601.03267,parameters|context|corpus
gpt-5-chat,openai,false,text,moe,60,300,400000,114000,,,text,text,true,true,https://platform.openai.com/docs/models|https://ai.azure.com/catalog/models|https://lifearchitect.ai/models-table|https://openai.com/index/gpt-5-system-card|https://lifearchitect.ai/gpt-5|https://lifearchitect.substack.com/p/the-memo-special-edition-gpt-5-aug2025|https://arxiv.org/abs/2601.03267,parameters|context|corpus
gpt-5-codex,openai,false,text,moe,60,300,400000,114000,,,text|code,text|code,true,true,https://platform.openai.com/docs/models|https://ai.azure.com/catalog/models|https://lifearchitect.ai/models-table|https://openai.com/index/gpt-5-system-card|https://lifearchitect.ai/gpt-5|https://lifearchitect.substack.com/p/the-memo-special-edition-gpt-5-aug2025|https://arxiv.org/abs/2601.03267,parameters|context|corpus
gpt-5-mini,openai,false,text,dense,48,48,400000,114000,,,text,text,true,true,https://platform.openai.com/docs/models|https://ai.azure.com/catalog/models|https://lifearchitect.ai/models-table|https://openai.com/index/gpt-5-system-card|https://arxiv.org/abs/2601.03267,parameters|context|corpus
gpt-5-nano,openai,false,text,dense,12,12,400000,114000,,,text,text,true,true,https://platform.openai.com/docs/models|https://ai.azure.com/catalog/models|https://lifearchitect.ai/models-table|https://openai.com/index/gpt-5-system-card|https://arxiv.org/abs/2601.03267,parameters|context|corpus
gpt-5-pro,openai,false,text,moe,720,3600,400000,114000,,,text,text,true,true,https://platform.openai.com/docs/models|https://ai.azure.com/catalog/models|https://lifearchitect.ai/models-table|https://openai.com/index/gpt-5-system-card|https://arxiv.org/abs/2601.03267,parameters|context|corpus
gpt-5.1,openai,false,text,moe,400,2000,400000,114000,,,text,text,true,true,https://platform.openai.com/docs/models|https://ai.azure.com/catalog/models|https://lifearchitect.ai/models-table|https://openai.com/index/gpt-5-1,parameters|context|corpus
gpt-5.1-chat,openai,false,text,moe,400,2000,400000,114000,,,text,text,true,true,https://platform.openai.com/docs/models|https://ai.azure.com/catalog/models|https://lifearchitect.ai/models-table|https://openai.com/index/gpt-5-1,parameters|context|corpus
gpt-5.1-codex,openai,false,text,moe,400,2000,400000,114000,,,text|code,text|code,true,true,https://platform.openai.com/docs/models|https://ai.azure.com/catalog/models|https://lifearchitect.ai/models-table|https://openai.com/index/gpt-5-1,parameters|context|corpus
gpt-5.1-codex-max,openai,false,text,moe,480,1920,400000,114000,,,text|code,text|code,true,true,https://platform.openai.com/docs/models|https://ai.azure.com/catalog/models|https://lifearchitect.ai/models-table|https://openai.com/index/gpt-5-1,parameters|context|corpus
gpt-5.1-codex-mini,openai,false,text,moe,40,160,400000,114000,,,text|code,text|code,true,true,https://platform.openai.com/docs/models|https://ai.azure.com/catalog/models|https://lifearchitect.ai/models-table|https://openai.com/index/gpt-5-1,parameters|context|corpus
gpt-5.2,openai,false,text,moe,600,3000,400000,114000,,,text,text,true,true,https://platform.openai.com/docs/models|https://ai.azure.com/catalog/models|https://lifearchitect.ai/models-table|https://cdn.openai.com/pdf/3a4153c8-c748-4b71-8e31-aecbde944f8d/oai_5_2_system-card.pdf,parameters|context|corpus
gpt-5.2-chat,openai,false,text,moe,600,3000,400000,114000,,,text,text,true,true,https://platform.openai.com/docs/models|https://ai.azure.com/catalog/models|https://lifearchitect.ai/models-table|https://cdn.openai.com/pdf/3a4153c8-c748-4b71-8e31-aecbde944f8d/oai_5_2_system-card.pdf,parameters|context|corpus
gpt-5.2-codex,openai,false,text,moe,600,3000,400000,114000,,,text|code,text|code,true,true,https://platform.openai.com/docs/models|https://ai.azure.com/catalog/models|https://lifearchitect.ai/models-table|https://cdn.openai.com/pdf/3a4153c8-c748-4b71-8e31-aecbde944f8d/oai_5_2_system-card.pdf,parameters|context|corpus
gpt-5.3-chat,openai,false,text,moe,600,3000,400000,114000,,,text,text,true,true,https://platform.openai.com/docs/models|https://ai.azure.com/catalog/models|https://lifearchitect.ai/models-table|https://deploymentsafety.openai.com/gpt-5-3-instant/introduction,parameters|context|corpus
gpt-5.3-codex,openai,false,text,moe,600,3000,400000,114000,,,text|code,text|code,true,true,https://platform.openai.com/docs/models|https://ai.azure.com/catalog/models|https://lifearchitect.ai/models-table|https://deploymentsafety.openai.com/gpt-5-3-instant/introduction,parameters|context|corpus
gpt-5.4,openai,false,text,moe,600,3000,400000,114000,,,text,text,true,true,https://platform.openai.com/docs/models|https://ai.azure.com/catalog/models|https://lifearchitect.ai/models-table|https://deploymentsafety.openai.com/gpt-5-4-thinking,parameters|context|corpus
gpt-5.4-mini,openai,false,text,dense,107,107,400000,114000,,,text,text,true,true,https://platform.openai.com/docs/models|https://ai.azure.com/catalog/models|https://lifearchitect.ai/models-table|https://deploymentsafety.openai.com/gpt-5-4-thinking,parameters|context|corpus
gpt-5.4-nano,openai,false,text,dense,37,37,400000,114000,,,text,text,true,true,https://platform.openai.com/docs/models|https://ai.azure.com/catalog/models|https://lifearchitect.ai/models-table|https://deploymentsafety.openai.com/gpt-5-4-thinking,parameters|context|corpus
gpt-5.4-pro,openai,false,text,moe,1170,5400,400000,114000,,,text,text,true,true,https://platform.openai.com/docs/models|https://ai.azure.com/catalog/models|https://lifearchitect.ai/models-table|https://deploymentsafety.openai.com/gpt-5-4-thinking,parameters|context|corpus
gpt-audio,openai,false,speech,moe,40,160,128000,,,,audio|text,audio|text,false,true,https://platform.openai.com/docs/models|https://ai.azure.com/catalog/models,parameters|context
gpt-audio-1.5,openai,false,speech,moe,80,320,128000,,,,audio|text,audio|text,false,true,https://platform.openai.com/docs/models|https://ai.azure.com/catalog/models,parameters|context
gpt-audio-mini,openai,false,speech,moe,12,48,128000,,,,audio|text,audio|text,false,true,https://platform.openai.com/docs/models|https://ai.azure.com/catalog/models,parameters|context
gpt-image-1,openai,false,image,moe,40,160,,,,,text|image,image,false,false,https://platform.openai.com/docs/models|https://ai.azure.com/catalog/models,parameters
gpt-image-1-mini,openai,false,image,moe,12,48,,,,,text|image,image,false,false,https://platform.openai.com/docs/models|https://ai.azure.com/catalog/models,parameters
gpt-image-1.5,openai,false,image,moe,64,256,,,,,text|image,image,false,false,https://platform.openai.com/docs/models|https://ai.azure.com/catalog/models,parameters
gpt-oss-120b,openai,true,text,moe,5.1,117,128000,,,,text,text,true,false,https://platform.openai.com/docs/models|https://ai.azure.com/catalog/models,parameters|context
gpt-oss-20b,openai,true,text,moe,3.6,21,128000,,,,text,text,true,false,https://platform.openai.com/docs/models|https://ai.azure.com/catalog/models,parameters|context
gpt-realtime,openai,false,speech,moe,40,160,32000,,,,audio|text,audio|text,false,true,https://platform.openai.com/docs/models|https://ai.azure.com/catalog/models,parameters|context
gpt-realtime-1.5,openai,false,speech,moe,80,320,32000,,,,audio|text,audio|text,false,true,https://platform.openai.com/docs/models|https://ai.azure.com/catalog/models,parameters|context
gpt-realtime-mini,openai,false,speech,moe,12,48,32000,,,,audio|text,audio|text,false,true,https://platform.openai.com/docs/models|https://ai.azure.com/catalog/models,parameters|context
holo2-30b-a3b,hcompany,true,text,moe,3,30,22000,,,,text|image,text,false,false,https://huggingface.co/Hcompany/Holo2-30B-A3B|https://hub.hcompany.ai/models/Holo2/aboutholo2,
imagen-3,google,false,image,dense,10,10,,,,,text,image,false,false,https://ai.google.dev/gemini-api/docs/models|https://cloud.google.com/vertex-ai/generative-ai/docs/partner-models/use-partner-models,parameters
imagen-4,google,false,image,dense,16,16,,,,,text,image,false,false,https://ai.google.dev/gemini-api/docs/models|https://cloud.google.com/vertex-ai/generative-ai/docs/partner-models/use-partner-models,parameters
jamba-1.5-large,ai21,true,text,moe,94,398,256000,1200,,,text,text,false,false,https://docs.ai21.com|https://lifearchitect.ai/models-table|https://arxiv.org/abs/2408.12570,parameters|context|corpus
jamba-1.5-mini,ai21,true,text,moe,12,52,256000,1200,,,text,text,false,false,https://docs.ai21.com|https://lifearchitect.ai/models-table|https://arxiv.org/abs/2408.12570,parameters|context|corpus
llama-3-70b-instruct,meta,true,text,dense,70,70,8192,15000,,,text,text,false,false,https://huggingface.co/meta-llama/Meta-Llama-3-70B-Instruct|https://github.com/meta-llama/llama-models/blob/main/models/llama3/MODEL_CARD.md,corpus
llama-3-8b-instruct,meta,true,text,dense,8,8,8192,15000,,,text,text,false,false,https://huggingface.co/meta-llama/Meta-Llama-3-8B-Instruct|https://github.com/meta-llama/llama-models/blob/main/models/llama3/MODEL_CARD.md,corpus
llama-3.1-405b-instruct,meta,true,text,dense,405,405,131072,15000,,,text,text,false,false,https://huggingface.co/meta-llama/Llama-3.1-405B-Instruct|https://github.com/meta-llama/llama-models/blob/main/models/llama3_1/MODEL_CARD.md,corpus
llama-3.1-70b-instruct,meta,true,text,dense,70,70,131072,15000,,,text,text,false,false,https://huggingface.co/meta-llama/Llama-3.1-70B-Instruct|https://github.com/meta-llama/llama-models/blob/main/models/llama3_1/MODEL_CARD.md,corpus
llama-3.1-8b-instruct,meta,true,text,dense,8,8,128000,15000,,,text,text,false,false,https://huggingface.co/meta-llama/Llama-3.1-8B-Instruct|https://github.com/meta-llama/llama-models/blob/main/models/llama3_1/MODEL_CARD.md,corpus
llama-3.2-11b-instruct,meta,true,text,dense,11,11,131072,9000,,,text|image,text,false,false,https://huggingface.co/meta-llama/Llama-3.2-11B-Vision-Instruct|https://github.com/meta-llama/llama-models/blob/main/models/llama3_2/MODEL_CARD.md,corpus
llama-3.2-1b,meta,true,text,dense,1.24,1.24,131072,9000,,,text,text,false,false,https://huggingface.co/meta-llama/Llama-3.2-1B|https://github.com/meta-llama/llama-models/blob/main/models/llama3_2/MODEL_CARD.md,corpus
llama-3.2-1b-instruct,meta,true,text,dense,1,1,131072,9000,,,text,text,false,false,https://huggingface.co/meta-llama/Llama-3.2-1B-Instruct|https://github.com/meta-llama/llama-models/blob/main/models/llama3_2/MODEL_CARD.md,corpus
llama-3.2-3b,meta,true,text,dense,3.21,3.21,131072,9000,,,text,text,false,false,https://huggingface.co/meta-llama/Llama-3.2-3B|https://github.com/meta-llama/llama-models/blob/main/models/llama3_2/MODEL_CARD.md,corpus
llama-3.2-3b-instruct,meta,true,text,dense,3,3,131072,9000,,,text,text,false,false,https://huggingface.co/meta-llama/Llama-3.2-3B-Instruct|https://github.com/meta-llama/llama-models/blob/main/models/llama3_2/MODEL_CARD.md,corpus
llama-3.2-90b-instruct,meta,true,text,dense,90,90,131072,9000,,,text|image,text,false,false,https://huggingface.co/meta-llama/Llama-3.2-90B-Vision-Instruct|https://github.com/meta-llama/llama-models/blob/main/models/llama3_2/MODEL_CARD.md,corpus
llama-3.3-70b-instruct,meta,true,text,dense,70,70,128000,15000,,,text,text,false,false,https://huggingface.co/meta-llama/Llama-3.3-70B-Instruct|https://github.com/meta-llama/llama-models/blob/main/models/llama3_3/MODEL_CARD.md,corpus
llama-4-maverick-17b-instruct,meta,true,text,moe,17,400,1000000,22000,,,text,text,false,false,https://huggingface.co/meta-llama/Llama-4-Maverick-17B-128E-Instruct|https://ai.meta.com/blog/llama-4-multimodal-intelligence,corpus
llama-4-scout-17b-instruct,meta,true,text,moe,17,109,10000000,40000,,,text,text,false,false,https://huggingface.co/meta-llama/Llama-4-Scout-17B-16E-Instruct|https://ai.meta.com/blog/llama-4-multimodal-intelligence,corpus
magistral-small-2509,mistral,true,text,dense,24,24,128000,,,,text|image,text,true,true,https://docs.mistral.ai/getting-started/models|https://docs.aws.amazon.com/bedrock/latest/userguide/models-supported.html,parameters
ministral-3-14b,mistral,true,text,dense,14,14,256000,,,,text|image,text,false,true,https://apxml.com/models|https://docs.aws.amazon.com/bedrock/latest/userguide/models-supported.html,parameters
ministral-3-8b,mistral,true,text,dense,8,8,256000,,,,text|image,text,false,true,https://apxml.com/models|https://docs.aws.amazon.com/bedrock/latest/userguide/models-supported.html,parameters
ministral-3b,mistral,true,text,dense,3,3,256000,,,,text|image,text,false,true,https://apxml.com/models|https://docs.aws.amazon.com/bedrock/latest/userguide/models-supported.html,parameters
mistral large,mistral,false,text,dense,123,123,32000,,,,text,text,false,true,https://docs.mistral.ai/getting-started/models,parameters
mistral-7b,mistral,true,text,dense,7,7,32000,,,,text,text,false,false,https://docs.mistral.ai/getting-started/models,
mistral-7b-instruct-v0.3,mistral,true,text,dense,7,7,32000,,,,text,text,false,true,https://huggingface.co/mistralai/Mistral-7B-Instruct-v0.3|https://docs.aws.amazon.com/bedrock/latest/userguide/models-supported.html|https://www.ovhcloud.com/en/public-cloud/ai-endpoints/catalog,
mistral-document-ai-2505,mistral,false,vision,dense,24,24,,,,,document|image,text,false,false,https://docs.mistral.ai/getting-started/models,
mistral-document-ai-2512,mistral,false,vision,dense,24,24,,,,,document|image,text,false,false,https://docs.mistral.ai/getting-started/models,
mistral-large-2402,mistral,false,text,dense,123,123,32000,,,,text,text,false,true,https://docs.mistral.ai/getting-started/models|https://docs.aws.amazon.com/bedrock/latest/userguide/models-supported.html,parameters
mistral-large-2407,mistral,true,text,dense,123,123,32000,8000,,,text,text,false,true,https://docs.mistral.ai/getting-started/models|https://docs.aws.amazon.com/bedrock/latest/userguide/models-supported.html|https://lifearchitect.ai/models-table|https://mistral.ai/news/mistral-large-2407,parameters|corpus
mistral-large-3,mistral,true,text,moe,41,675,256000,20000,,,text|image,text,false,true,https://apxml.com/models|https://docs.aws.amazon.com/bedrock/latest/userguide/models-supported.html|https://lifearchitect.ai/models-table|https://mistral.ai/news/mistral-3,parameters|corpus
mistral-medium-3,mistral,false,text,dense,95,95,128000,,,,text|image,text,false,true,https://docs.mistral.ai/getting-started/models|https://cloud.google.com/vertex-ai/generative-ai/docs/partner-models/use-partner-models,parameters
mistral-nemo-instruct-2407,mistral,true,text,dense,12,12,128000,,,,text,text,false,true,https://docs.mistral.ai/getting-started/models|https://www.scaleway.com/en/docs/generative-apis/reference-content/supported-models|https://www.ovhcloud.com/en/public-cloud/ai-endpoints/catalog,
mistral-ocr-2505,mistral,false,vision,dense,24,24,,,,,document|image,text,false,false,https://docs.mistral.ai/getting-started/models|https://cloud.google.com/vertex-ai/generative-ai/docs/partner-models/use-partner-models,
mistral-small-3.1,mistral,true,text,dense,24,24,128000,,,,text|image,text,false,true,https://docs.mistral.ai/getting-started/models|https://cloud.google.com/vertex-ai/generative-ai/docs/partner-models/use-partner-models,
mistral-small-3.1-24b-instruct-2503,mistral,true,text,dense,24,24,128000,,,,text|image,text,false,true,https://huggingface.co/mistralai/Mistral-Small-3.1-24B-Instruct-2503|https://www.scaleway.com/en/docs/generative-apis/reference-content/supported-models,
mistral-small-3.2-24b,mistral,true,text,dense,24,24,128000,,,,text|image,text,false,true,https://huggingface.co/mistralai/Mistral-Small-3.2-24B-Instruct-2506|https://www.scaleway.com/en/docs/generative-apis/reference-content/supported-models|https://www.ovhcloud.com/en/public-cloud/ai-endpoints/catalog,
mixtral-8x7b,mistral,true,text,moe,14,56,32000,,,,text,text,false,false,https://docs.mistral.ai/getting-started/models,
mixtral-8x7b-instruct,mistral,true,text,moe,13,46.7,32000,,,,text,text,false,true,https://huggingface.co/mistralai/Mixtral-8x7B-Instruct-v0.1|https://docs.aws.amazon.com/bedrock/latest/userguide/models-supported.html,
nova-lite,amazon,false,text,dense,40,40,300000,,,,text|image|video,text,false,false,https://docs.aws.amazon.com/bedrock/latest/userguide/models-supported.html,parameters|context
nova-micro,amazon,false,text,dense,1,1,128000,,,,text,text,false,false,https://docs.aws.amazon.com/bedrock/latest/userguide/models-supported.html,parameters|context
nova-pro,amazon,false,text,dense,90,90,300000,10000,,,text|image|video,text,false,false,https://docs.aws.amazon.com/bedrock/latest/userguide/models-supported.html|https://lifearchitect.ai/models-table|https://www.amazon.science/publications/the-amazon-nova-family-of-models-technical-report-and-model-card,parameters|context|corpus
nvr-tts-de-de,nvidia,false,speech,dense,1.2,1.2,,,,,text,audio,false,false,https://build.nvidia.com,parameters
nvr-tts-en-us,nvidia,false,speech,dense,1.2,1.2,,,,,text,audio,false,false,https://build.nvidia.com,parameters
nvr-tts-es-es,nvidia,false,speech,dense,1.2,1.2,,,,,text,audio,false,false,https://build.nvidia.com,parameters
nvr-tts-it-it,nvidia,false,speech,dense,1.2,1.2,,,,,text,audio,false,false,https://build.nvidia.com,parameters
o1,openai,false,text,moe,88,440,200000,20000,,,text,text,true,true,https://platform.openai.com/docs/models|https://ai.azure.com/catalog/models|https://lifearchitect.ai/models-table|https://openai.com/index/introducing-chatgpt-pro|https://lifearchitect.substack.com/p/the-memo-1oct2024,parameters|context|corpus
o1-mini,openai,false,text,dense,18,18,128000,13000,,,text,text,true,true,https://platform.openai.com/docs/models|https://ai.azure.com/catalog/models|https://lifearchitect.ai/models-table|https://openai.com/index/o1-and-new-tools-for-developers,parameters|context|corpus
o1-pro,openai,false,text,moe,88,440,200000,20000,,,text,text,true,true,https://platform.openai.com/docs/models|https://ai.azure.com/catalog/models|https://lifearchitect.ai/models-table|https://openai.com/index/introducing-chatgpt-pro,parameters|context|corpus
o3-mini,openai,false,text,dense,18,18,200000,13000,,,text,text,true,true,https://platform.openai.com/docs/models|https://ai.azure.com/catalog/models|https://lifearchitect.ai/models-table|https://openai.com/index/o3-mini-system-card,parameters|context|corpus
phi-3-medium,microsoft,true,text,dense,14,14,128000,4800,,,text,text,false,false,https://huggingface.co/microsoft/Phi-3-medium-128k-instruct|https://arxiv.org/abs/2404.14219,
phi-3-mini,microsoft,true,text,dense,3.8,3.8,128000,3300,,,text,text,false,false,https://huggingface.co/microsoft/Phi-3-mini-128k-instruct|https://arxiv.org/abs/2404.14219,
phi-3-small,microsoft,true,text,dense,7,7,128000,4800,,,text,text,false,false,https://huggingface.co/microsoft/Phi-3-small-128k-instruct|https://arxiv.org/abs/2404.14219,
phi-3.5-mini,microsoft,true,text,dense,3.8,3.8,128000,3400,,,text,text,false,false,https://huggingface.co/microsoft/Phi-3.5-mini-instruct|https://arxiv.org/abs/2407.13833,corpus
phi-3.5-moe,microsoft,true,text,moe,6.6,41.9,128000,4900,,,text,text,false,false,https://huggingface.co/microsoft/Phi-3.5-MoE-instruct|https://arxiv.org/abs/2407.13833,corpus
phi-3.5-vision,microsoft,true,text,dense,4.2,4.2,128000,3400,,,text|image,text,false,false,https://huggingface.co/microsoft/Phi-3.5-vision-instruct|https://arxiv.org/abs/2407.13833,corpus
phi-4,microsoft,true,text,dense,14,14,16384,10000,,,text,text,false,false,https://huggingface.co/microsoft/phi-4|https://arxiv.org/abs/2412.08905,corpus
phi-4-mini,microsoft,true,text,dense,3.8,3.8,128000,5000,,,text,text,false,false,https://huggingface.co/microsoft/Phi-4-mini-instruct|https://huggingface.co/microsoft/Phi-4-multimodal-instruct/blob/main/phi_4_mm.tech_report.02252025.pdf,corpus
phi-4-mini-multimodal,microsoft,true,text,dense,3.8,3.8,128000,6100,,,text|image,text,false,true,https://huggingface.co/microsoft/Phi-4-multimodal-instruct|https://huggingface.co/microsoft/Phi-4-multimodal-instruct/blob/main/phi_4_mm.tech_report.02252025.pdf,corpus
pixtral-12b-2409,mistral,true,text,dense,12,12,128000,,,,text|image,text,false,true,https://docs.mistral.ai/getting-started/models|https://www.scaleway.com/en/docs/generative-apis/reference-content/supported-models,parameters
pixtral-large-25.02,mistral,true,text,dense,124,124,128000,,,,text|image,text,false,true,https://docs.mistral.ai/getting-started/models|https://docs.aws.amazon.com/bedrock/latest/userguide/models-supported.html,parameters
pixtral-large-2502,mistral,true,text,dense,124,124,128000,,,,text|image,text,false,true,https://docs.mistral.ai/getting-started/models|https://docs.aws.amazon.com/bedrock/latest/userguide/models-supported.html,parameters
qwen-guard-gen-0.6b,qwen,true,safety,dense,0.6,0.6,32768,,,,text,score,false,false,https://huggingface.co/Qwen/Qwen-Guard-Gen-0.6B,
qwen-guard-gen-8b,qwen,true,safety,dense,8,8,32768,,,,text,score,false,false,https://huggingface.co/Qwen/Qwen-Guard-Gen-8B,
qwen2.5-coder-32b-instruct,qwen,true,text,dense,32,32,32768,18000,,,text|code,text|code,false,false,https://huggingface.co/Qwen/Qwen2.5-Coder-32B-Instruct|https://arxiv.org/abs/2412.15115,corpus
qwen2.5-vl-72b-instruct,qwen,true,text,dense,72,72,32768,18000,,,text,text,false,false,https://huggingface.co/Qwen/Qwen2.5-VL-72B-Instruct|https://arxiv.org/abs/2412.15115|https://arxiv.org/abs/2502.13923,corpus
qwen3-235b-a22b-instruct-2507,qwen,true,text,moe,22,235,250000,36000,,,text,text,false,false,https://huggingface.co/Qwen/Qwen3-235B-A22B-Instruct-2507|https://arxiv.org/abs/2505.09388,
qwen3-32b,qwen,true,text,dense,32,32,32768,36000,,,text,text,false,false,https://huggingface.co/Qwen/Qwen3-32B|https://arxiv.org/abs/2505.09388,
qwen3-coder-30b-a3b-instruct,qwen,true,text,moe,3,30,128000,36000,,,text|code,text|code,false,false,https://huggingface.co/Qwen/Qwen3-Coder-30B-A3B-Instruct|https://qwenlm.github.io/blog/qwen3-coder,corpus
qwen3-embedding-8b,qwen,true,embedding,dense,8,8,32000,36000,4096,,text,embedding,false,false,https://huggingface.co/Qwen/Qwen3-Embedding-8B|https://arxiv.org/abs/2505.09388,corpus
qwen3-next-instruct-80b,qwen,true,text,dense,80,80,262144,15000,,,text,text,false,false,https://qwenlm.github.io|https://qwen.ai/blog?id=4074cca80393150c248e508aa62983f9cb7d27cd&from=research.latest-advancements-list,corpus
qwen3-next-thinking-80b,qwen,true,text,dense,80,80,262144,15000,,,text,text,true,false,https://qwenlm.github.io|https://qwen.ai/blog?id=4074cca80393150c248e508aa62983f9cb7d27cd&from=research.latest-advancements-list,corpus
qwen3.5-397b-a17b,qwen,true,text,moe,17,397,250000,36000,,,text,text,false,false,https://huggingface.co/Qwen/Qwen3.5-397B-A17B|https://qwen.ai/blog?id=qwen3.5,corpus
sentence-t5-xxl,google,true,embedding,dense,11,11,512,,,,text,embedding,false,false,https://huggingface.co/sentence-transformers/sentence-t5-xxl,
stable-diffusion-xl,stability-ai,true,image,dense,2.6,2.6,,,,,text|image,image,false,false,https://apxml.com/models,
stable-diffusion-xl-base-v1.0,stability-ai,true,image,dense,3.5,3.5,,,,1280,text|image,image,false,false,https://huggingface.co/stabilityai/stable-diffusion-xl-base-1.0,
text-ada-001,openai,false,text,dense,0.35,0.35,2049,,,,text,text,false,false,https://platform.openai.com/docs/models|https://ai.azure.com/catalog/models,parameters|context
text-babbage-001,openai,false,text,dense,1.3,1.3,2049,,,,text,text,false,false,https://platform.openai.com/docs/models|https://ai.azure.com/catalog/models,parameters|context
text-curie-001,openai,false,text,dense,6.7,6.7,2049,,,,text,text,false,false,https://platform.openai.com/docs/models|https://ai.azure.com/catalog/models,parameters|context
text-davinci-002,openai,false,text,dense,175,175,4097,,,,text,text,false,false,https://platform.openai.com/docs/models|https://ai.azure.com/catalog/models,parameters|context
text-davinci-003,openai,false,text,dense,175,175,4097,,,,text,text,false,false,https://platform.openai.com/docs/models|https://ai.azure.com/catalog/models,parameters|context
text-embedding-3,openai,false,embedding,dense,6.7,6.7,8191,,3072,,text,embedding,false,false,https://platform.openai.com/docs/models|https://ai.azure.com/catalog/models,parameters|context
text-embedding-3-large,openai,false,embedding,dense,1.5,1.5,8191,,3072,,text,embedding,false,false,https://platform.openai.com/docs/models|https://ai.azure.com/catalog/models,parameters|context
text-embedding-3-small,openai,false,embedding,dense,0.35,0.35,8191,,1536,,text,embedding,false,false,https://platform.openai.com/docs/models|https://ai.azure.com/catalog/models,parameters|context
text-embedding-ada-002,openai,false,embedding,dense,0.35,0.35,8191,,1536,,text,embedding,false,false,https://platform.openai.com/docs/models|https://ai.azure.com/catalog/models,parameters|context
titan-embeddings-g1,amazon,false,embedding,dense,1,1,8192,,1536,,text,embedding,false,false,https://docs.aws.amazon.com/bedrock/latest/userguide/models-supported.html,parameters|context
titan-embeddings-v2,amazon,false,embedding,dense,1,1,8192,,1536,,text,embedding,false,false,https://docs.aws.amazon.com/bedrock/latest/userguide/models-supported.html,parameters|context
titan-text-g1-express,amazon,false,text,dense,15,15,8000,,,,text,text,false,false,https://docs.aws.amazon.com/bedrock/latest/userguide/models-supported.html,parameters|context
titan-text-g1-lite,amazon,false,text,dense,5,5,4000,,,,text,text,false,false,https://docs.aws.amazon.com/bedrock/latest/userguide/models-supported.html,parameters|context
veo-3.1,google,false,video,dense,32,32,,,,,text|image,video|audio,false,false,https://ai.google.dev/gemini-api/docs/models|https://ai.google.dev/gemini-api/docs/models/veo-3.1-generate-preview,parameters
veo-3.1-lite,google,false,video,dense,16,16,,,,,text|image,video|audio,false,false,https://ai.google.dev/gemini-api/docs/changelog|https://ai.google.dev/gemini-api/docs/models/veo-3.1-lite-generate-preview,parameters
voxtral-mini-3b-2507,mistral,true,speech,dense,3,3,32000,,,,audio,audio|text,false,true,https://docs.aws.amazon.com/bedrock/latest/userguide/models-supported.html,parameters
voxtral-small-24b-2507,mistral,true,speech,dense,24.3,24.3,32000,,,,audio,audio|text,false,true,https://docs.mistral.ai/getting-started/models|https://docs.aws.amazon.com/bedrock/latest/userguide/models-supported.html|https://www.scaleway.com/en/docs/generative-apis/reference-content/supported-models,parameters
whisper-large-v3,openai,true,transcription,dense,1.55,1.55,,,,,audio,text,false,false,https://huggingface.co/openai/whisper-large-v3,
whisper-large-v3-turbo,openai,true,transcription,dense,0.81,0.81,,,,,audio,text,false,false,https://huggingface.co/openai/whisper-large-v3-turbo,
